sceneId	choiceId	oldVisible	oldHover	newDisplayText	newHint	spokenText	changedWhy
C03	C03-A	확인된 사실을 중심으로 적는다	두 부고가 같은 죽음을 다르게 전하네요. 날짜와 신문 이름을 나란히 적겠습니다.	두 신문의 날짜와 문구부터 맞춰 보죠.	사망 사실과 출처를 먼저 공식 기록에 남기고, 애도의 말은 따로 보존합니다.	두 부고가 같은 죽음을 다르게 전하네요. 날짜와 신문 이름을 나란히 적겠습니다.	선택 즉시 행동과 기록 범위를 먼저 보이도록 압축
C03	C03-B	당시의 애도도 함께 남긴다	사람들이 슬퍼한 문장을 빼면 상실의 목소리가 사라져요. 사실과 나란히 보관하죠.	슬픔의 말도 사실과 함께 남기죠.	두 부고의 애도 표현과 확인된 사실을 구분해 함께 보존합니다.	사람들이 슬퍼한 문장을 빼면 상실의 목소리가 사라져요. 사실과 나란히 보관하죠.	감정 자료와 사실 자료의 구분을 즉시 설명
C03	C03-C	전달 경로부터 확인한다	신문 이름만 옮기지 말고 누가 어느 신문을 건넸는지 적겠습니다. 소식이 전해진 길도 남기겠습니다.	누가 어떤 신문을 가져왔는지 적죠.	전달 경로를 먼저 확인하고 공식 정리는 잠시 미룹니다.	신문 이름만 옮기지 말고 누가 어느 신문을 건넸는지 적겠습니다. 소식이 전해진 길도 남기겠습니다.	전달자와 보류 상태를 선택 전에 노출
C06	C06-A	신고가 확인한 범위만 적는다	글레보프의 신고가 말하는 범위를 정하죠. 죽음은 확인해도 동기는 아직 없습니다.	신고가 확인한 범위만 적죠.	사망과 장소는 기록하되 결투의 동기는 아직 쓰지 않습니다.	글레보프의 신고가 말하는 범위를 정하죠. 죽음은 확인해도 동기는 아직 없습니다.	기관 기록과 미확인 동기를 분리
C06	C06-B	검시와 빈 증언을 함께 남긴다	검시 결과만으로 결투의 전부를 안다고 하지 않겠습니다. 빈 증언의 자리를 남겨요.	검시와 빈 목격을 함께 남기죠.	확인된 상처와 아직 없는 증언을 나눠 검토자에게 남깁니다.	검시 결과만으로 결투의 전부를 안다고 하지 않겠습니다. 빈 증언의 자리를 남겨요.	검시와 증언 공백의 관계를 명시
C06	C06-C	현장 물증의 순서를 추적한다	누가 언제 현장을 조사했고 네 개의 모자를 놓았는지부터 추적하겠습니다.	현장의 거리와 순서를 따라가죠.	파벨과 조사 담당자가 알게 되며, 물증을 먼저 정리합니다.	누가 알게 되는지와 조사 순서를 명시
C07	C07-A	검열 절차부터 확인한다	알렉세이 말대로 절차부터 확인하죠. 다만 그 기록이 작가의 목소리를 대신하게 두지는 않겠습니다.	검열 절차부터 확인하죠.	기관 기록에 남기되 작가의 편지는 별도로 보존합니다.	알렉세이 말대로 절차부터 확인하죠. 다만 그 기록이 작가의 목소리를 대신하게 두지는 않겠습니다.	공식 기록과 원문 보존을 분리
C07	C07-B	작가의 항의를 먼저 남긴다	예카테리나 말이 맞아요. 판정문부터 쓰기 전에 작가가 실제로 무엇을 항의했는지 남기죠.	작가가 항의한 말을 먼저 남기죠.	작가의 목소리를 공식 판정과 섞지 않고 독자에게 남깁니다.	예카테리나 말이 맞아요. 판정문부터 쓰기 전에 작가가 실제로 무엇을 항의했는지 남기죠.	작가의 목소리와 독자를 선택 전에 제시
C07	C07-C	원문과 날짜를 함께 확인한다	잠깐만요. 둘 다 결론을 늦추고, 원문과 날짜부터 같이 확인합시다.	원문과 날짜를 함께 대조하죠.	아직 결론을 내리거나 밖으로 보내지 않고 확인을 늦춥니다.	잠깐만요. 둘 다 결론을 늦추고, 원문과 날짜부터 같이 확인합시다.	보류와 문서 이동 여부를 명시
E02	E02-A	‘포로’의 목소리를 의심한다	보호를 말하는 화자보다 “포로”라고 말하는 화자에 더 설득된다. 권력의 언어를 의심하겠다.	‘포로’라는 말이 가린 힘을 살피죠.	작품의 비유를 읽되 실제 고백이라고 단정하지 않습니다.	보호를 말하는 화자보다 “포로”라고 말하는 화자에 더 설득된다. 권력의 언어를 의심하겠다.	문학적 해석과 사실 단정을 분리
E02	E02-B	두 화자의 판단을 보류한다	두 화자 어느 쪽도 즉시 믿지 않겠다. 시의 장면과 일기의 반응을 함께 확인하겠다.	두 화자의 말을 나란히 놓죠.	시의 장면과 일기의 반응을 함께 검토하고 판단을 보류합니다.	두 화자 어느 쪽도 즉시 믿지 않겠다. 시의 장면과 일기의 반응을 함께 확인하겠다.	검토 대상과 보류 결정을 함께 노출
E02	E02-C	독자의 전달 경로를 살핀다	시의 비유가 독자 사이에서 어떻게 전달되는지가 중요하다. 읽는 사람의 위험까지 살피겠다.	누가 어떻게 읽었는지 따라가죠.	독자 사이의 전달과 그에 따른 위험을 기록합니다.	시의 비유가 독자 사이에서 어떻게 전달되는지가 중요하다. 읽는 사람의 위험까지 살피겠다.	독자와 위험이라는 실무 방향을 전면화
E07	E07-A	말하기의 경계를 공개적으로 묻는다	토론과 문학적 주장이 언제 혐의가 되는지 공개적으로 묻겠다. 말하기 자체를 범죄로 기록하지 않겠다.	말이 혐의가 되는 선을 묻죠.	공개 기록에 남기고 토론의 위험을 감수합니다.	토론과 문학적 주장이 언제 혐의가 되는지 공개적으로 묻겠다. 말하기 자체를 범죄로 기록하지 않겠다.	공개성·위험을 선택 전에 명시
E07	E07-B	혐의와 자기변호를 나눈다	혐의와 자기변호를 공식 기록의 층위로 나눠 적겠다. 확인된 사실 밖으로 사람을 밀어 넣지 않겠다.	혐의와 자기변호를 나누죠.	공식 기록에서 고발 내용과 확인된 증언을 분리합니다.	혐의와 자기변호를 공식 기록의 층위로 나눠 적겠다. 확인된 사실 밖으로 사람을 밀어 넣지 않겠다.	공식 기록의 처리 방식을 구체화
E07	E07-C	위험을 알리고 자료를 전달한다	확인된 자료를 위험을 설명한 뒤 믿을 만한 독자에게 전달하겠다. 봉투를 건네는 책임도 내 몫이다.	위험을 알리고 믿을 독자에게 건네죠.	봉투가 사무실 밖으로 나가며 전달자의 노출 위험을 감수합니다.	확인된 자료를 위험을 설명한 뒤 믿을 만한 독자에게 전달하겠다. 봉투를 건네는 책임도 내 몫이다.	문서가 사무실 밖으로 나가는 즉시 결과를 명시
E07	E07-D	이유를 남기고 잠시 보존한다	지금은 침묵하고 증언을 사적으로 보존하겠다. 침묵이 동의가 되지 않도록 이유를 남기겠다.	침묵할 이유까지 남겨 두죠.	자료는 사적으로 보존하고 침묵이 동의로 읽히지 않게 합니다.	지금은 침묵하고 증언을 사적으로 보존하겠다. 침묵이 동의가 되지 않도록 이유를 남기겠다.	사적 보존과 침묵의 의미를 명시
C03	C03-P1	첫 부고의 비탄과 둘째 부고의 감사를 각각 인용하고, 사망 원인은 다음 심문으로 넘긴다		두 부고를 인용해 사실과 애도를 나눠 적죠.	공식 사건철에 남기고, 원인 판단은 다음 기록으로 넘깁니다.	첫 부고의 비탄과 둘째 부고의 감사를 각각 인용하겠습니다. 사망 원인은 다음 조사로 넘기죠.	post-choice도 hover 없이 처리 방향을 공개
C03	C03-P2	상실의 표현은 남기되 조사 결과처럼 쓰지 않는다		상실의 표현은 남기되 판정처럼 쓰지 않죠.	애도의 목소리는 사적으로 보존하고 공식 기록에는 사실만 남깁니다.	‘상실’이라는 표현은 남기되 조사 결과처럼 쓰지 않겠어요. 독자에게도 그 경계를 보여주죠.	감정과 판정의 구분을 즉시 제시
C03	C03-P3	도착 순서와 전달자를 다음 기록에 붙인다		도착 순서와 전달자를 다음 기록에 붙이죠.	파벨과 전달 경로를 확인하고 원인 판단은 잠시 보류합니다.	두 인쇄면의 도착 순서와 전달자를 적고, 다음 조사 자료 전에는 결론을 미루겠습니다.	전달 경로와 보류 상태를 명시
C06	C06-P1	확정된 사망만 보고하고 책임은 보류한다		확정된 사망만 보고하고 책임은 보류하죠.	관청 기록에 남기되 결투의 책임은 다음 심문으로 넘깁니다.	검시가 확정한 사망만 보고하고, 결투의 책임은 다음 심문으로 넘기겠습니다.	공식 보고 범위를 명시
C06	C06-P2	현장과 검시를 함께 남기되 단정하지 않는다		현장과 검시를 함께 남기되 단정하지 않죠.	검토자에게 공개하지만 누가 먼저 쐈는지는 아직 기록하지 않습니다.	현장 배치와 검시를 함께 남기되 누가 먼저 쐈는지는 아직 판단하지 않겠습니다.	미확정 책임을 숨기지 않음
C06	C06-P3	물증과 조사자의 동선을 지도처럼 묶는다		물증과 조사자의 동선을 지도처럼 묶죠.	자료가 파벨에게 전달되고, 목격자가 없는 공백도 함께 드러납니다.	네 개의 모자와 조사자의 서명을 지도처럼 묶고, 목격자가 말한 범위만 표시하겠습니다.	전달 대상과 증언 공백을 명시
C07	C07-P1	검열 판단과 작가의 호소를 나눠 기록한다		검열 판단과 작가의 호소를 나눠 기록하죠.	기관 기록에 남기되 편지의 목소리는 별도 원문으로 보존합니다.	검열위원의 판단을 공식 기록으로 남기되, 작가의 호소와 같은 목소리로 만들지는 않겠습니다.	공식 판정과 원문을 분리
C07	C07-P2	작품의 주장을 공적 논쟁으로 열어 둔다		작품의 주장을 공적 논쟁으로 열어 두죠.	작가와 독자가 읽게 되며, 검열의 판단도 반론 가능한 기록으로 남깁니다.	작품의 주장을 공적 논쟁으로 열어 두겠습니다. 검열의 판단도 반박 가능한 문장으로 남기죠.	공개 독자와 반론 가능성을 제시
C07	C07-P3	편지와 허가 표기를 함께 검토하게 한다		편지와 허가 표기를 함께 검토하게 하죠.	공동체 안에서 원문과 절차를 대조하고 결론을 서두르지 않습니다.	편지와 허가 표기를 공동체가 함께 검토할 수 있게 중재하고, 어느 한쪽도 대신 말하지 않겠습니다.	공동 검토와 보류를 명시
E02	E02-P1	시를 공개 논쟁의 장에 놓는다		이 시를 공개 논쟁의 장에 놓죠.	정치적 비유를 검토하되 검열의 결론으로 미리 확정하지 않습니다.	이 시를 공개 논쟁의 장에 놓겠습니다. 정치적 비유는 검열의 결론이 아니라 질문으로 남기죠.	문학적 해석과 기관 판정을 분리
E02	E02-P2	두 화자의 긴장을 공동체의 책임으로 읽는다		두 화자의 긴장을 공동체의 책임으로 읽죠.	두 목소리를 함께 보존하고 한 사람에게 판단을 몰아주지 않습니다.	두 화자의 긴장을 공동체의 책임으로 읽겠습니다. 누구의 말도 혼자 결론이 되게 두지 않죠.	중재 방향을 즉시 설명
E02	E02-P3	위험을 알리고 믿을 독자에게 전한다		위험을 알리고 믿을 독자에게 전하죠.	시의 독법이 사무실 밖으로 나가며 전달자의 노출 위험을 감수합니다.	이 독법을 믿을 만한 독자에게 위험과 함께 전달하겠습니다. 시가 이동하는 길도 기록하죠.	문서 이동과 노출 위험을 명시
E07	E07-P1	발언이 혐의가 되는 경계를 기록한다		발언이 혐의가 되는 경계를 기록하죠.	공개 기록에 남기고 토론의 위험을 감수합니다.	발언을 기록하겠습니다. 말과 토론이 국가적 위험으로 취급되는 경계를 남기죠.	공개성과 위험을 제시
E07	E07-P2	공식 메모로 혐의와 자기변호를 나눈다		공식 메모로 혐의와 자기변호를 나누죠.	기관 기록에 남기되 사건의 실제 결말과 주장을 섞지 않습니다.	공식 메모를 남기겠습니다. 사건의 결말은 바꾸지 않고 혐의와 자기변호를 분리하죠.	기관 기록의 층위를 명시
E07	E07-P3	위험을 적어 믿을 독자에게 자료를 보낸다		위험을 적어 믿을 독자에게 자료를 보내죠.	봉투가 사무실 밖으로 나가며 전달자와 독자의 노출 위험을 함께 감수합니다.	확인된 증언을 믿을 만한 독자에게 보내겠습니다. 봉투를 건네는 책임도 함께 기록하죠.	사무실 밖 전달을 명시
E07	E07-P4	침묵하는 이유와 안전을 함께 남긴다		침묵하는 이유와 안전을 함께 남기죠.	자료는 사적으로 보존하고 침묵이 동의로 읽히지 않게 합니다.	증언을 보존하되 지금 공개하지 않는 이유와 공동체의 안전을 함께 기록하겠습니다.	사적 보존과 침묵의 의미를 명시
