caseId,dateRange,titleKo,dramaticPurpose,choiceCount,memoryCallback,sourceCount
...
C01,"1836-10 — 1836-10","차다예프의 첫 철학적 편지","알렉세이는 압수 명령의 날짜를 먼저 보지만 예카테리나는 문장이 금지된 이유와 사람의 목소리를 갈라 보라고 요구한다",3,"처음으로 서로의 이름을 숨겨 주는 선택",2
C02,"1836-11 — 1836-11","차다예프 사건 뒤의 공식 반응","알렉세이는 발신자 칸을 비워 두려 하고 예카테리나는 번역자의 책임을 지우지 말라고 한다",3,"알렉세이의 형 이야기가 처음 암시된다",2
C03,"1839-03 — 1839-03","푸시킨 사망과 언론의 반응","예카테리나는 독자가 실제로 주문할 수 있는 책과 관청이 추정한 책을 구분한다",3,"파벨이 우편 경로의 겨울 지연을 증언한다",2
C04,"1839-12 — 1839-12","《조국 수기》의 등장","알렉세이는 한 줄을 잘라 올리려 하고 예카테리나는 앞뒤 문장을 요구한다",3,"예카테리나가 플레이어의 기억을 시험한다",2
C05,"1840-04 — 1840-04","《우리 시대의 영웅》","예카테리나는 시인의 목소리와 평론가의 판단을 섞지 말라고 하며 알렉세이는 판본 번호를 찾는다",3,"다음 사건에서 두 사람이 서로 다른 인용을 기억한다",2
C06,"1840-08 — 1840-08","레르몬토프 결투 수사 기록","알렉세이는 허가 도장을 결론으로 삼고 예카테리나는 사라진 행을 손가락으로 짚는다",3,"알렉세이가 처음으로 규정 밖의 질문을 한다",3
C07,"1841-12 — 1841-12","《죽은 혼》의 출판과 검열","알렉세이는 허가가 곧 원형 보증이라고 믿고 예카테리나는 작가의 수정과 검열관의 선을 나눈다",3,"예카테리나가 지난번 플레이어의 표현을 되받아친다",3
C08,"1842-02 — 1842-02","슬라브파와 서구파의 논쟁","파벨은 봉투가 늦어진 시간을 말하고 예카테리나는 누가 교정지를 읽었는지 묻는다",3,"파벨의 신뢰가 실제 전달 선택에 따라 달라진다",2
C09,"1844-06 — 1844-06","벨린스키 비평의 변화","알렉세이는 회신일만 적으려 하지만 파벨은 출발일이 사라지면 책임의 길도 사라진다고 한다",3,"알렉세이가 가족 이야기를 농담으로 덮는다",2
C10,"1845-01 — 1845-01","자연파 논쟁","예카테리나는 초대받지 않은 사람이 알 수 있는 정보와 참석자의 말을 분리한다",3,"처음으로 침묵이 관계를 지키는 선택이 된다",2
C11,"1845-09 — 1845-09","상트페테르부르크 문학 연감","파벨은 번역본만 배달하라는 지시를 받았고 예카테리나는 원문을 숨기지 말라고 한다",3,"파벨이 봉투의 무게를 기억한다",2
C12,"1846-03 — 1846-03","도스토옙스키의 첫 소설","알렉세이는 요약을 편리한 표제로 삼고 예카테리나는 첫 연의 리듬이 사라졌다고 한다",3,"플레이어가 기억한 한 단어가 다음 대화의 열쇠가 된다",2
C13,"1846-09 — 1846-09","페트라셰프스키 모임의 초기 환경","예카테리나는 판매 목록을 서문의 의도처럼 읽지 말라고 하고 알렉세이는 활자소를 확인한다",3,"알렉세이가 기록을 고치는 대신 여백을 남긴다",2
C14,"1847-01 — 1847-01","《현대인》의 개편","예카테리나는 편집부가 실제로 받은 문장만 말하고 알렉세이는 메모의 수신자를 확인한다",3,"두 사람의 첫 협력이 이후 접촉망을 연다",2
C15,"1847-03 — 1847-03","고골의 《선집》","파벨은 소문을 배달할 수 없다고 하고 예카테리나는 목차에 없는 것은 아직 책이 아니라고 한다",3,"침묵을 택하면 파벨이 위험한 이름을 지킨다",2
C16,"1847-06 — 1847-06","벨린스키와 고골의 논쟁","예카테리나는 공고는 약속이고 항의는 반응이라고 말하며 알렉세이는 두 장의 날짜를 맞춘다",3,"알렉세이가 플레이어의 문장 길이를 놀린다",2
C17,"1847-07 — 1847-07","셰우첸코·쿨리시·코스토마로프 관련 검열","알렉세이는 집행 의무를 강조하고 예카테리나는 광고가 실제로 남았다는 관찰을 지운다면 기록도 거짓말이라고 한다",3,"알렉세이가 처음으로 위험을 함께 감수한다",2
C18,"1847-12 — 1847-12","《현대인》에 대한 슬라브파의 반응","예카테리나는 서신의 사적 분노를 공적 발행 계획과 섞지 말라고 하고 파벨은 겨울 우편의 시간을 계산한다",3,"예카테리나가 숨겨 둔 봉투의 이유가 드러난다",2
C19,"1849-01 — 1849-01","1848년 유럽 소식과 러시아 정기간행물","알렉세이는 최신 평론을 결론으로 삼으려 하고 예카테리나는 한 해의 간격을 먼저 보라고 한다",3,"지난 사건에서 보호받은 이름이 다시 등장한다",3
C20,"1848-04 — 1848-04","유럽 혁명과 언론 제한","파벨은 국경을 넘은 소식의 경로를 말하고 예카테리나는 편집 계획이 곧 정치 논평은 아니라고 한다",3,"파벨이 전달 거절의 이유를 설명한다",2
C21,"1848-08 — 1848-08","4월 위원회와 검열 강화","예카테리나는 공고의 발신자와 삽화가의 목소리를 나누고 알렉세이는 저자명을 확인한다",3,"예카테리나가 플레이어에게 실제 봉투를 맡긴다",2
C22,"1848-12 — 1848-12","1848년 잡지 지면의 변화","알렉세이는 늦은 회신을 처음 판단의 근거로 쓰려 하고 파벨은 도착 전에는 아무도 읽지 못했다고 한다",3,"알렉세이가 자신의 실수를 인정한다",2
C23,"1849-02 — 1849-02","페트라셰프스키 감시와 체포","알렉세이는 증언을 판결처럼 읽지 않으려 하고 예카테리나는 신문이 본인의 목소리를 대신할 수 없다고 한다",3,"세 사람의 기억 규칙이 처음 동시에 시험된다",2
C24,"1849-05 — 1849-05","1849년 수사·선고 기록","알렉세이는 봉인을 서두르고 예카테리나는 한 장의 뒤집힌 종이를 가리키며 파벨은 누가 이 방에 들어왔는지 묻는다",3,"세 사람의 구체적인 기억이 다섯 엔딩을 가른다",2