"text","classification","source"
"내 판단","LEGACY_SANITIZED_SOURCE","gold-runtime.js:43 (sanitizePlayerCopy)"
"내 판단","LEGACY_SANITIZED_SOURCE","gold-runtime.js:44 (sanitizePlayerCopy)"
"내 판단","LEGACY_SANITIZED_SOURCE","gold-runtime.js:45 (sanitizePlayerCopy)"
"시범 케이스","LEGACY_SANITIZED_SOURCE","gold-runtime.js:83 (sanitizePlayerCopy)"
"시범 케이스","LEGACY_SANITIZED_SOURCE","gold-runtime.js:85 (sanitizePlayerCopy)"
"자료 처리의 순서","LEGACY_SANITIZED_SOURCE","gold-runtime.js:86 (sanitizePlayerCopy)"
"케이스 후속 기록","LEGACY_SANITIZED_SOURCE","gold-runtime.js:87 (sanitizePlayerCopy)"
"분기 후속 문서","LEGACY_SANITIZED_SOURCE","gold-runtime.js:88 (sanitizePlayerCopy)"
"내 판단","LEGACY_SANITIZED_SOURCE","gold-runtime.js:89 (sanitizePlayerCopy)"
"시범 케이스","LEGACY_SANITIZED_SOURCE","gold-runtime.js:243 (sanitizePlayerCopy)"
"자료 처리의 순서","LEGACY_SANITIZED_SOURCE","gold-runtime.js:245 (sanitizePlayerCopy)"
"내 판단","LEGACY_SANITIZED_SOURCE","gold-runtime.js:247 (sanitizePlayerCopy)"
"내 판단","LEGACY_SANITIZED_SOURCE","gold-runtime.js:247 (sanitizePlayerCopy)"
"케이스 후속 기록","LEGACY_SANITIZED_SOURCE","gold-runtime.js:258 (sanitizePlayerCopy)"
"분기 후속 문서","LEGACY_SANITIZED_SOURCE","gold-runtime.js:357 (sanitizePlayerCopy)"
"내 판단","LEGACY_SANITIZED_SOURCE","gold-runtime.js:388 (sanitizePlayerCopy)"
"내 판단","LEGACY_SANITIZED_SOURCE","gold-runtime.js:388 (sanitizePlayerCopy)"
"1836년 10월, 봉인된 명령서와 차다예프의 편지가 같은 책상에 놓였다.","IN_WORLD_DOCUMENT","narrative/VN_DIALOGUE_GRAPH.json:V29-C01-LINE-1"
"나는 명령서의 날짜부터 적겠어. 이름을 잘못 옮기면 내일 아침에 내 자리가 없어져.","DIEGETIC_SPOKEN","narrative/VN_DIALOGUE_GRAPH.json:V29-C01-LINE-2"
"그럼 편지는 누가 읽었는지조차 사라져요. 금지된 문장과 금지하라는 명령은 같은 목소리가 아니니까.","DIEGETIC_SPOKEN","narrative/VN_DIALOGUE_GRAPH.json:V29-C01-LINE-3"
"모스크바에서 온 봉투는 사흘 젖어 있었습니다. 발신인의 말보다 먼저 도착 경로가 보였지요.","DIEGETIC_SPOKEN","narrative/VN_DIALOGUE_GRAPH.json:V29-C01-LINE-4"
"나는 봉인과 문장을 한 줄로 묶지 않겠다고 말한다.","NATURAL_PLAYER_ACTION","narrative/VN_DIALOGUE_GRAPH.json:V29-C01-LINE-5"
"네가 지금 그 말을 기록에 넣지는 않겠지?","DIEGETIC_SPOKEN","narrative/VN_DIALOGUE_GRAPH.json:V29-C01-LINE-6"
"기록에 넣기 전에, 우리 셋이 무엇을 직접 보았는지부터 확인하죠.","NATURAL_PLAYER_ACTION","narrative/VN_DIALOGUE_GRAPH.json:V29-C01-LINE-7"
"좋아요. 그럼 내가 읽은 대목과 들은 소문을 나눠 말할게요.","DIEGETIC_SPOKEN","narrative/VN_DIALOGUE_GRAPH.json:V29-C01-LINE-8"
"차다예프의 편지 첫 문장과 잡지 압수 명령을 나란히 펼쳤다.","IN_WORLD_DOCUMENT","narrative/VN_DIALOGUE_GRAPH.json:V29-C01-LINE-9"
"여기서 편지는 자기 나라를 진단하고, 명령서는 잡지를 거두라고 합니다. 하나가 다른 하나의 해설은 아니에요.","DIEGETIC_SPOKEN","narrative/VN_DIALOGUE_GRAPH.json:V29-C01-LINE-10"
"문장을 읽었다고 해서 명령을 거부한 건 아니야. 하지만 명령서가 편지의 뜻을 대신하게 두지도 말자.","DIEGETIC_SPOKEN","narrative/VN_DIALOGUE_GRAPH.json:V29-C01-LINE-11"
"봉투를 누구에게 돌렸는지 남기면, 나중에 누가 그 문장을 보았는지 찾을 수 있습니다.","DIEGETIC_SPOKEN","narrative/VN_DIALOGUE_GRAPH.json:V29-C01-LINE-12"
"나는 발신·수신·열람 시각을 따로 적는다.","NATURAL_PLAYER_ACTION","narrative/VN_DIALOGUE_GRAPH.json:V29-C01-LINE-13"
"좋아. 오늘은 칸을 늘리는 게 겁나는 날이 아니었군.","DIEGETIC_SPOKEN","narrative/VN_DIALOGUE_GRAPH.json:V29-C01-LINE-14"
"다음에 만났을 때도 이 선을 기억하세요. 소문은 원문보다 빨리 걷거든요.","DIEGETIC_SPOKEN","narrative/VN_DIALOGUE_GRAPH.json:V29-C01-LINE-15"
"문은 닫겠습니다. 봉투는 아직 누구의 것도 되지 않았습니다.","DIEGETIC_SPOKEN","narrative/VN_DIALOGUE_GRAPH.json:V29-C01-LINE-16"
"첫 기록은 이름을 지우지 않고도 사람을 숨길 수 있다는 약속으로 접혔다.","IN_WORLD_DOCUMENT","narrative/VN_DIALOGUE_GRAPH.json:V29-C01-LINE-17"
"다음 봉투가 오면 네가 먼저 읽어. 오늘은 내가 너무 빨리 결론을 냈으니까.","DIEGETIC_SPOKEN","narrative/VN_DIALOGUE_GRAPH.json:V29-C01-LINE-18"
"알렉세이의 명령서부터 읽되, 편지의 문장을 따로 보존하자.","NATURAL_PLAYER_ACTION","narrative/VN_DIALOGUE_GRAPH.json:V28-C01-CHOICE-1"
"편지의 목소리를 먼저 듣고, 금지 명령은 그 뒤에 대조하자.","NATURAL_PLAYER_ACTION","narrative/VN_DIALOGUE_GRAPH.json:V28-C01-CHOICE-2"
"이 봉투는 내가 맡겠다. 세 사람의 이름은 아직 적지 말자.","NATURAL_PLAYER_ACTION","narrative/VN_DIALOGUE_GRAPH.json:V28-C01-CHOICE-3"
"명령서의 범위는 여기까지야. 편지까지 넓히지 않겠어.","DIEGETIC_SPOKEN","narrative/VN_DIALOGUE_GRAPH.json:V28-C01-REACTION-1"
"이 문장이 무엇을 말하는지부터 봐요. 명령서가 뜻을 대신하게 두지 말고요.","DIEGETIC_SPOKEN","narrative/VN_DIALOGUE_GRAPH.json:V28-C01-REACTION-2"
"봉투가 어디서 젖었는지부터 들을게. 모르는 이름을 서둘러 쓰진 않겠어.","DIEGETIC_SPOKEN","narrative/VN_DIALOGUE_GRAPH.json:V28-C01-REACTION-3"
"차다예프의 첫 철학적 편지의 원문과 한국어 번역을 나란히 펼쳐, 서로 다른 문서의 목소리를 확인한다.","IN_WORLD_DOCUMENT","narrative/VN_DIALOGUE_GRAPH.json:V29-C01-INSPECT"
"모스크바에서 온 편지와 봉인된 명령서가 같은 아침에 책상 위에 놓였다.","IN_WORLD_DOCUMENT","narrative/VN_DIALOGUE_GRAPH.json:V31-C01-INTRO-1"
"명령서는 짧아. 잡지를 거두라는 말뿐이지. 편지까지 같은 죄목으로 묶지는 말자.","DIEGETIC_SPOKEN","narrative/VN_DIALOGUE_GRAPH.json:V31-C01-INTRO-2"
"그 편지에는 나라를 바라보는 한 사람의 목소리가 있어요. 금지 명령이 그 목소리를 대신 말하게 두진 말아요.","DIEGETIC_SPOKEN","narrative/VN_DIALOGUE_GRAPH.json:V31-C01-INTRO-3"
"봉투는 사흘을 젖은 채 건너왔습니다. 누가 보냈는지보다, 지금 누가 열 수 있는지가 먼저예요.","DIEGETIC_SPOKEN","narrative/VN_DIALOGUE_GRAPH.json:V31-C01-INTRO-4"
"1836년 11월, 모스크바에서 온 비평문과 발신자 없는 번역 초안이 같은 봉투에 들어왔다.","IN_WORLD_DOCUMENT","narrative/VN_DIALOGUE_GRAPH.json:V29-C02-LINE-1"
"발신자 칸을 비워 두면 장부는 조용해져. 대신 누가 번역했는지는 영영 사라지겠지.","DIEGETIC_SPOKEN","narrative/VN_DIALOGUE_GRAPH.json:V29-C02-LINE-2"
"번역자의 책임을 지우는 게 안전함은 아니에요. 문장이 어느 손을 거쳤는지부터 물어야 해요.","DIEGETIC_SPOKEN","narrative/VN_DIALOGUE_GRAPH.json:V29-C02-LINE-3"
"봉투 안쪽에 모스크바 눈이 말라 붙어 있습니다. 도착한 날은 적혀 있지만, 떠난 날은 없군요.","DIEGETIC_SPOKEN","narrative/VN_DIALOGUE_GRAPH.json:V29-C02-LINE-4"
"발신자 없음과 번역자 미상을 같은 사실로 쓰지 않겠다고 말한다.","NATURAL_PLAYER_ACTION","narrative/VN_DIALOGUE_GRAPH.json:V29-C02-LINE-5"
"둘 다 모른다는 뜻 아닌가?","DIEGETIC_SPOKEN","narrative/VN_DIALOGUE_GRAPH.json:V29-C02-LINE-6"
"모른다는 사실은 남기되, 서로 다른 빈칸으로 표시하겠습니다.","NATURAL_PLAYER_ACTION","narrative/VN_DIALOGUE_GRAPH.json:V29-C02-LINE-7"
"그렇게 해야 원문을 대신해 추측이 자라지 않아요. 초안의 문장부터 읽죠.","DIEGETIC_SPOKEN","narrative/VN_DIALOGUE_GRAPH.json:V29-C02-LINE-8"
"비평문의 서명과 번역 초안의 여백을 나란히 놓았다.","IN_WORLD_DOCUMENT","narrative/VN_DIALOGUE_GRAPH.json:V29-C02-LINE-9"
"여기서 말하는 사람은 비평가이고, 옮기는 사람은 아직 이름이 없어요. 둘을 합치면 목소리가 바뀝니다.","DIEGETIC_SPOKEN","narrative/VN_DIALOGUE_GRAPH.json:V29-C02-LINE-10"
"나는 지금까지 번역문이 있으면 발신자도 추정할 수 있다고 적었어. 그건 기록이 아니라 편의였군.","DIEGETIC_SPOKEN","narrative/VN_DIALOGUE_GRAPH.json:V29-C02-LINE-11"
"다음 봉투를 맡길 때는 초안만 보낼지 비평문도 함께 보낼지 정해야 합니다.","DIEGETIC_SPOKEN","narrative/VN_DIALOGUE_GRAPH.json:V29-C02-LINE-12"
"비평문과 번역 초안을 각각 봉인하고, 서로의 출처를 대신하지 않게 한다.","NATURAL_PLAYER_ACTION","narrative/VN_DIALOGUE_GRAPH.json:V29-C02-LINE-13"
"좋아요. 이름을 찾아내지 못해도 문장의 경계는 지킬 수 있으니까.","DIEGETIC_SPOKEN","narrative/VN_DIALOGUE_GRAPH.json:V29-C02-LINE-14"
"형 이야기는 아직 적지 않겠어. 빈칸에 가족을 넣으면 장부가 위험해져.","DIEGETIC_SPOKEN","narrative/VN_DIALOGUE_GRAPH.json:V29-C02-LINE-15"
"겨울 우편은 늦어도 도착 기록을 남길 수 있습니다. 오늘의 두 종이도 그렇게 보내지요.","DIEGETIC_SPOKEN","narrative/VN_DIALOGUE_GRAPH.json:V29-C02-LINE-16"
"비평문의 서명과 번역자의 빈칸을 별도 기록으로 남긴다.","NATURAL_PLAYER_ACTION","narrative/VN_DIALOGUE_GRAPH.json:V28-C02-CHOICE-1"
"번역 초안의 문장을 먼저 읽고 모르는 이름은 추정하지 않는다.","NATURAL_PLAYER_ACTION","narrative/VN_DIALOGUE_GRAPH.json:V28-C02-CHOICE-2"
"두 종이를 서로 다른 봉투로 나누어 다음 독자에게 보낸다.","NATURAL_PLAYER_ACTION","narrative/VN_DIALOGUE_GRAPH.json:V28-C02-CHOICE-3"
"서명과 번역자를 다른 칸에 두자. 모르는 것을 한꺼번에 만들지는 않겠어.","DIEGETIC_SPOKEN","narrative/VN_DIALOGUE_GRAPH.json:V28-C02-REACTION-1"
"초안의 문장을 먼저 봐요. 이름을 추정하기 전에 문장이 어디서 흔들렸는지 보죠.","DIEGETIC_SPOKEN","narrative/VN_DIALOGUE_GRAPH.json:V28-C02-REACTION-2"
"같은 마차로 돌아가도 봉투는 나누겠습니다. 다음 사람이 섞어 읽지 않게요.","DIEGETIC_SPOKEN","narrative/VN_DIALOGUE_GRAPH.json:V28-C02-REACTION-3"
"차다예프 사건 뒤의 공식 반응의 원문과 한국어 번역을 나란히 펼쳐, 서로 다른 문서의 목소리를 확인한다.","IN_WORLD_DOCUMENT","narrative/VN_DIALOGUE_GRAPH.json:V29-C02-INSPECT"
"서명이 지워진 번역 초안과 비평문이 한 묶음으로 도착했다.","IN_WORLD_DOCUMENT","narrative/VN_DIALOGUE_GRAPH.json:V31-C02-INTRO-1"
"발신자 칸을 비우면 장부는 편해져. 대신 누가 이 문장을 옮겼는지는 사라지지.","DIEGETIC_SPOKEN","narrative/VN_DIALOGUE_GRAPH.json:V31-C02-INTRO-2"
"번역자의 이름을 모른다는 것과 발신자를 모른다는 건 달라요. 두 빈칸을 하나로 만들지 말아요.","DIEGETIC_SPOKEN","narrative/VN_DIALOGUE_GRAPH.json:V31-C02-INTRO-3"
"두 종이는 같은 마차에 실렸지만 끈은 달랐습니다. 함께 왔다고 함께 만든 건 아니지요.","DIEGETIC_SPOKEN","narrative/VN_DIALOGUE_GRAPH.json:V31-C02-INTRO-4"
"1837년 3월, 푸시킨의 사망 소식과 언론의 반응이 서로 다른 봉투로 도착했다.","IN_WORLD_DOCUMENT","narrative/VN_DIALOGUE_GRAPH.json:V29-C03-LINE-1"
"푸시킨의 사망을 전한 보도와 그를 추모한 목소리는 아직 같은 기록이 아니에요.","DIEGETIC_SPOKEN","narrative/VN_DIALOGUE_GRAPH.json:V29-C03-LINE-2"
"관청의 발표 시각과 신문의 반응은 다른 칸에 써야 해.","DIEGETIC_SPOKEN","narrative/VN_DIALOGUE_GRAPH.json:V29-C03-LINE-3"
"신문은 사망 소식을 전했지만, 누가 그 문장을 썼는지는 말하지 않았고요.","DIEGETIC_SPOKEN","narrative/VN_DIALOGUE_GRAPH.json:V29-C03-LINE-4"
"푸시킨의 사망 사실과 보도의 문장을 분리해 확인하자고 한다.","NATURAL_PLAYER_ACTION","narrative/VN_DIALOGUE_GRAPH.json:V29-C03-LINE-5"
"좋아요. 사망 사실을 들은 것과 추모의 뜻을 읽은 것은 서로 달라요.","DIEGETIC_SPOKEN","narrative/VN_DIALOGUE_GRAPH.json:V29-C03-LINE-6"
"뒤늦은 평론을 1837년의 목소리라고 덧붙이지 않는다.","NATURAL_PLAYER_ACTION","narrative/VN_DIALOGUE_GRAPH.json:V29-C03-LINE-7"
"그럼 내 보고서의 ‘언론 반응’이라는 표현을 고쳐야겠군. 너무 넓었어.","DIEGETIC_SPOKEN","narrative/VN_DIALOGUE_GRAPH.json:V29-C03-LINE-8"
"카탈로그의 인쇄일, 주문 칸, 금지 목록의 날짜를 세 줄로 옮겼다.","IN_WORLD_DOCUMENT","narrative/VN_DIALOGUE_GRAPH.json:V29-C03-LINE-9"
"주문 칸이 비어 있어도 카탈로그가 존재했다는 사실은 배달할 수 있습니다.","DIEGETIC_SPOKEN","narrative/VN_DIALOGUE_GRAPH.json:V29-C03-LINE-10"
"파벨 말이 맞아요. 빈칸은 결론이 아니라 다음에 물어볼 자리예요.","DIEGETIC_SPOKEN","narrative/VN_DIALOGUE_GRAPH.json:V29-C03-LINE-11"
"나는 이름을 적으면 조사할 수 있다고 생각했는데, 오늘은 이름을 안 적는 게 더 정확하군.","DIEGETIC_SPOKEN","narrative/VN_DIALOGUE_GRAPH.json:V29-C03-LINE-12"
"서점에서 본 것과 관청에서 추정한 것을 각각 봉인한다.","NATURAL_PLAYER_ACTION","narrative/VN_DIALOGUE_GRAPH.json:V29-C03-LINE-13"
"겨울 우편 이야기를 잊지 마세요. 지난 봉투가 늦었다고 이번 주문도 늦었다는 뜻은 아니니까.","DIEGETIC_SPOKEN","narrative/VN_DIALOGUE_GRAPH.json:V29-C03-LINE-14"
"다음 노선에는 서점 이름만 적겠습니다. 독자의 이름은 아직 제 손에 없어요.","DIEGETIC_SPOKEN","narrative/VN_DIALOGUE_GRAPH.json:V29-C03-LINE-15"
"카탈로그는 증거가 되었지만, 그 안에 없는 사람을 만들어 내지는 않았다.","IN_WORLD_DOCUMENT","narrative/VN_DIALOGUE_GRAPH.json:V29-C03-LINE-16"
"카탈로그의 발행일과 금지 목록의 날짜를 공식 장부에 맞춘다.","NATURAL_PLAYER_ACTION","narrative/VN_DIALOGUE_GRAPH.json:V28-C03-CHOICE-1"
"주문 기록이 없는 제목은 위험하다고 덧붙이지 않는다.","NATURAL_PLAYER_ACTION","narrative/VN_DIALOGUE_GRAPH.json:V28-C03-CHOICE-2"
"카탈로그를 서점에서 다음 우편 경로로 그대로 돌려보낸다.","NATURAL_PLAYER_ACTION","narrative/VN_DIALOGUE_GRAPH.json:V28-C03-CHOICE-3"
"발표 시각과 출처를 나누어 적겠어. 사망 사실에 반응의 뜻을 덧붙이진 않지.","DIEGETIC_SPOKEN","narrative/VN_DIALOGUE_GRAPH.json:V28-C03-REACTION-1"
"신문이 슬퍼한 방식도 기록할 수 있어요. 다만 그 문장을 사망 사실처럼 쓰지는 말아요.","DIEGETIC_SPOKEN","narrative/VN_DIALOGUE_GRAPH.json:V28-C03-REACTION-2"
"소식이 온 길부터 확인하지요. 모르는 발신자를 카탈로그나 소문으로 채우진 않겠습니다.","DIEGETIC_SPOKEN","narrative/VN_DIALOGUE_GRAPH.json:V28-C03-REACTION-3"
"푸시킨 사망과 언론의 반응의 원문과 한국어 번역을 나란히 펼쳐, 서로 다른 문서의 목소리를 확인한다.","IN_WORLD_DOCUMENT","narrative/VN_DIALOGUE_GRAPH.json:V29-C03-INSPECT"
"1837년 3월, 푸시킨의 사망 소식과 그 소식을 둘러싼 신문 기사가 도착했다.","IN_WORLD_DOCUMENT","narrative/VN_DIALOGUE_GRAPH.json:V31-C03-INTRO-1"
"사망 사실과 애도의 문장은 아직 같은 기록이 아니에요. 한쪽을 다른 쪽의 증거로 만들지 말아요.","DIEGETIC_SPOKEN","narrative/VN_DIALOGUE_GRAPH.json:V31-C03-INTRO-2"
"관청에 들어온 발표 시각과 신문이 반응한 시각은 달라. 날짜부터 갈라 적어야 해.","DIEGETIC_SPOKEN","narrative/VN_DIALOGUE_GRAPH.json:V31-C03-INTRO-3"
"발신자는 이름을 남기지 않았습니다. 소식이 온 길을 모른 채 사람부터 의심하진 않겠습니다.","DIEGETIC_SPOKEN","narrative/VN_DIALOGUE_GRAPH.json:V31-C03-INTRO-4"
"1839년 12월, 문학 비평의 한 문장이 행정 보고서의 결론처럼 잘려 있었다.","IN_WORLD_DOCUMENT","narrative/VN_DIALOGUE_GRAPH.json:V29-C04-LINE-1"
"상급자는 한 줄이면 충분하다고 했어. 보고서가 길어지면 책임질 사람이 늘어나거든.","DIEGETIC_SPOKEN","narrative/VN_DIALOGUE_GRAPH.json:V29-C04-LINE-2"
"앞뒤를 자른 문장은 누구의 말인지도 달라져요. 원문을 먼저 보여 주세요.","DIEGETIC_SPOKEN","narrative/VN_DIALOGUE_GRAPH.json:V29-C04-LINE-3"
"이 종이는 세 번 접혀 왔습니다. 누가 읽었는지는 모르지만 접힌 방향은 남아 있습니다.","DIEGETIC_SPOKEN","narrative/VN_DIALOGUE_GRAPH.json:V29-C04-LINE-4"
"잘린 문장 옆에 생략 표시를 남기고 전체 문단을 따로 둔다.","NATURAL_PLAYER_ACTION","narrative/VN_DIALOGUE_GRAPH.json:V29-C04-LINE-5"
"생략 표시를 넣으면 내가 숨긴 게 있다는 걸 인정하는 꼴이야.","DIEGETIC_SPOKEN","narrative/VN_DIALOGUE_GRAPH.json:V29-C04-LINE-6"
"숨긴 게 아니라 보지 못한 범위를 표시하는 것이라고 답한다.","NATURAL_PLAYER_ACTION","narrative/VN_DIALOGUE_GRAPH.json:V29-C04-LINE-7"
"그 말이면 내 기억도 시험할 수 있겠네요. 내가 읽은 건 문단 전체였어요.","DIEGETIC_SPOKEN","narrative/VN_DIALOGUE_GRAPH.json:V29-C04-LINE-8"
"비평문과 행정 보고서의 날짜가 다르다는 것을 확인했다.","IN_WORLD_DOCUMENT","narrative/VN_DIALOGUE_GRAPH.json:V29-C04-LINE-9"
"비평가는 작품을 말했고 보고서는 그 한 문장을 빌렸어요. 빌린 문장이 원래 목적을 지우지는 않습니다.","DIEGETIC_SPOKEN","narrative/VN_DIALOGUE_GRAPH.json:V29-C04-LINE-10"
"내가 결론을 먼저 썼군. 날짜부터 다시 적자. 읽은 시점과 옮긴 시점도 분리하고.","DIEGETIC_SPOKEN","narrative/VN_DIALOGUE_GRAPH.json:V29-C04-LINE-11"
"봉투를 되돌릴 때 생략 표시가 사라지지 않게 종이를 덧대겠습니다.","DIEGETIC_SPOKEN","narrative/VN_DIALOGUE_GRAPH.json:V29-C04-LINE-12"
"인용한 줄과 인용하지 않은 문단의 경계를 다음 기록자에게 알린다.","NATURAL_PLAYER_ACTION","narrative/VN_DIALOGUE_GRAPH.json:V29-C04-LINE-13"
"지난번처럼 기억으로 빈칸을 메우지 않았어요. 그 점은 내가 기억할게요.","DIEGETIC_SPOKEN","narrative/VN_DIALOGUE_GRAPH.json:V29-C04-LINE-14"
"오늘 장부는 짧아지지 않았지만, 거짓으로 편해지지도 않았어.","DIEGETIC_SPOKEN","narrative/VN_DIALOGUE_GRAPH.json:V29-C04-LINE-15"
"잘린 한 문장은 다시 문단의 자리로 돌아갔다.","IN_WORLD_DOCUMENT","narrative/VN_DIALOGUE_GRAPH.json:V29-C04-LINE-16"
"인용문과 생략된 문단을 공식 기록에서 분리한다.","NATURAL_PLAYER_ACTION","narrative/VN_DIALOGUE_GRAPH.json:V28-C04-CHOICE-1"
"문단 전체를 확인한 뒤 비평가의 말과 보고서의 말을 나눈다.","NATURAL_PLAYER_ACTION","narrative/VN_DIALOGUE_GRAPH.json:V28-C04-CHOICE-2"
"생략 표시가 있는 문서를 접지 않고 다음 열람자에게 보낸다.","NATURAL_PLAYER_ACTION","narrative/VN_DIALOGUE_GRAPH.json:V28-C04-CHOICE-3"
"인용한 문장과 잘린 문단을 따로 두겠어. 내 손이 자른 것처럼 남기진 않지.","DIEGETIC_SPOKEN","narrative/VN_DIALOGUE_GRAPH.json:V28-C04-REACTION-1"
"문단 전체를 먼저 봐요. 비평가의 말이 보고서의 목소리로 둔갑하지 않게요.","DIEGETIC_SPOKEN","narrative/VN_DIALOGUE_GRAPH.json:V28-C04-REACTION-2"
"더 펼치기 전에 보낸 사람의 흔적을 남기겠습니다. 종이도 증언이니까요.","DIEGETIC_SPOKEN","narrative/VN_DIALOGUE_GRAPH.json:V28-C04-REACTION-3"
"《조국 수기》의 등장의 원문과 한국어 번역을 나란히 펼쳐, 서로 다른 문서의 목소리를 확인한다.","IN_WORLD_DOCUMENT","narrative/VN_DIALOGUE_GRAPH.json:V29-C04-INSPECT"
"잘린 인용문과 세 번 접힌 보고서가 같은 봉투에서 나왔다.","IN_WORLD_DOCUMENT","narrative/VN_DIALOGUE_GRAPH.json:V31-C04-INTRO-1"
"상급자는 한 줄이면 된다고 했어. 하지만 한 줄만 남기면 누가 무엇을 잘랐는지 모르게 돼.","DIEGETIC_SPOKEN","narrative/VN_DIALOGUE_GRAPH.json:V31-C04-INTRO-2"
"생략된 자리도 문서의 일부예요. 내가 읽은 말과 보고서가 빌린 말을 구분해야 해요.","DIEGETIC_SPOKEN","narrative/VN_DIALOGUE_GRAPH.json:V31-C04-INTRO-3"
"종이는 접힌 방향을 기억합니다. 누가 펼쳤는지는 몰라도, 여러 번 손을 거친 건 분명해요.","DIEGETIC_SPOKEN","narrative/VN_DIALOGUE_GRAPH.json:V31-C04-INTRO-4"
"1840년 5월, 레르몬토프 초판과 벨린스키의 동시기 평론이 함께 도착했다.","IN_WORLD_DOCUMENT","narrative/VN_DIALOGUE_GRAPH.json:V29-C05-LINE-1"
"시인의 문장과 평론가의 판단은 서로 대답하지만 같은 증언은 아니에요.","DIEGETIC_SPOKEN","narrative/VN_DIALOGUE_GRAPH.json:V29-C05-LINE-2"
"판본 번호부터 찾자. 초판인지 나중에 묶인 책인지 모르면 문장도 흔들려.","DIEGETIC_SPOKEN","narrative/VN_DIALOGUE_GRAPH.json:V29-C05-LINE-3"
"두 책은 같은 마차로 왔지만, 포장 끈은 달랐습니다. 함께 왔다고 함께 만든 건 아니지요.","DIEGETIC_SPOKEN","narrative/VN_DIALOGUE_GRAPH.json:V29-C05-LINE-4"
"초판의 문장과 평론의 해석을 두 자료로 나눈다.","NATURAL_PLAYER_ACTION","narrative/VN_DIALOGUE_GRAPH.json:V29-C05-LINE-5"
"좋아요. 내가 좋아하는 문장이라고 해서 시인이 그 뜻을 말했다고 만들지는 말아요.","DIEGETIC_SPOKEN","narrative/VN_DIALOGUE_GRAPH.json:V29-C05-LINE-6"
"판본 번호를 확인하기 전에는 출판 경로를 추정하지 않는다.","NATURAL_PLAYER_ACTION","narrative/VN_DIALOGUE_GRAPH.json:V29-C05-LINE-7"
"드물게 네 말이 내 장부보다 먼저 정확하군. 번호가 없으면 모른다고 쓰자.","DIEGETIC_SPOKEN","narrative/VN_DIALOGUE_GRAPH.json:V29-C05-LINE-8"
"초판의 표제지와 평론의 발행일을 서로 다른 종이에 옮겼다.","IN_WORLD_DOCUMENT","narrative/VN_DIALOGUE_GRAPH.json:V29-C05-LINE-9"
"평론은 초판을 읽은 흔적이지만, 초판의 문장을 대신할 수는 없어.","DIEGETIC_SPOKEN","narrative/VN_DIALOGUE_GRAPH.json:V29-C05-LINE-10"
"그리고 초판도 평론가의 판단을 대신하지 않아요. 서로 다른 사람이 본 것을 남겨야죠.","DIEGETIC_SPOKEN","narrative/VN_DIALOGUE_GRAPH.json:V29-C05-LINE-11"
"다음 사건에서 두 사람이 서로 다른 인용을 기억해도, 날짜가 있으면 다시 찾을 수 있습니다.","DIEGETIC_SPOKEN","narrative/VN_DIALOGUE_GRAPH.json:V29-C05-LINE-12"
"초판은 원문 봉투에, 평론은 해석 봉투에 넣는다.","NATURAL_PLAYER_ACTION","narrative/VN_DIALOGUE_GRAPH.json:V29-C05-LINE-13"
"다음에 내가 한 문장을 과장하면 오늘의 두 봉투를 다시 보여 주세요.","DIEGETIC_SPOKEN","narrative/VN_DIALOGUE_GRAPH.json:V29-C05-LINE-14"
"이번엔 농담할 수 있겠군. 번호가 없는 책은 책상보다 장부에서 더 무섭다.","DIEGETIC_SPOKEN","narrative/VN_DIALOGUE_GRAPH.json:V29-C05-LINE-15"
"두 목소리는 같은 서가에 남았지만 한 문장으로 합쳐지지 않았다.","IN_WORLD_DOCUMENT","narrative/VN_DIALOGUE_GRAPH.json:V29-C05-LINE-16"
"초판의 표제지와 평론의 발행일을 공식 장부에 따로 적는다.","NATURAL_PLAYER_ACTION","narrative/VN_DIALOGUE_GRAPH.json:V28-C05-CHOICE-1"
"초판의 문장과 벨린스키의 해석을 각각 그대로 보존한다.","NATURAL_PLAYER_ACTION","narrative/VN_DIALOGUE_GRAPH.json:V28-C05-CHOICE-2"
"두 봉투를 다른 경로로 보내 도착 시각을 비교한다.","NATURAL_PLAYER_ACTION","narrative/VN_DIALOGUE_GRAPH.json:V28-C05-CHOICE-3"
"판본 번호와 평론의 날짜를 나눠 적겠어. 한 책의 증거로 다른 책을 덮진 않지.","DIEGETIC_SPOKEN","narrative/VN_DIALOGUE_GRAPH.json:V28-C05-REACTION-1"
"내가 좋아하는 문장이라고 시인이 그 뜻을 말했다고 만들지는 말아요. 둘 다 직접 봐요.","DIEGETIC_SPOKEN","narrative/VN_DIALOGUE_GRAPH.json:V28-C05-REACTION-2"
"같은 날 왔다는 이유로 한 경로라고 쓰지 않겠습니다. 도착한 시간을 나눠 남기지요.","DIEGETIC_SPOKEN","narrative/VN_DIALOGUE_GRAPH.json:V28-C05-REACTION-3"
"《우리 시대의 영웅》의 원문과 한국어 번역을 나란히 펼쳐, 서로 다른 문서의 목소리를 확인한다.","IN_WORLD_DOCUMENT","narrative/VN_DIALOGUE_GRAPH.json:V29-C05-INSPECT"
"초판 표제지와 그 책을 해석한 평론이 서로 다른 끈으로 묶여 있었다.","IN_WORLD_DOCUMENT","narrative/VN_DIALOGUE_GRAPH.json:V31-C05-INTRO-1"
"시인의 문장과 평론가의 판단은 대답하지만 같은 증언은 아니에요.","DIEGETIC_SPOKEN","narrative/VN_DIALOGUE_GRAPH.json:V31-C05-INTRO-2"
"판본 번호부터 보자. 어느 책을 읽었는지 모르면 해석도 떠다녀.","DIEGETIC_SPOKEN","narrative/VN_DIALOGUE_GRAPH.json:V31-C05-INTRO-3"
"두 책은 같은 마차에 올랐지만 포장 끈은 달랐습니다. 함께 왔다고 함께 쓰인 건 아니지요.","DIEGETIC_SPOKEN","narrative/VN_DIALOGUE_GRAPH.json:V31-C05-INTRO-4"
"1842년 2월, 레르몬토프 결투의 수사 기록과 증언이 봉인된 채 도착했다.","IN_WORLD_DOCUMENT","narrative/VN_DIALOGUE_GRAPH.json:V29-C06-LINE-1"
"결투 수사의 공식 날짜를 적으면 장부는 끝나. 증언까지 쓰면 누군가 내가 판정을 의심했다고 하겠지.","DIEGETIC_SPOKEN","narrative/VN_DIALOGUE_GRAPH.json:V29-C06-LINE-2"
"결투가 있었다는 기록과 그 책임을 판정한 기록은 달라요.","DIEGETIC_SPOKEN","narrative/VN_DIALOGUE_GRAPH.json:V29-C06-LINE-3"
"봉투의 도착 시각은 보입니다. 하지만 누가 증언을 믿었는지는 보이지 않아요.","DIEGETIC_SPOKEN","narrative/VN_DIALOGUE_GRAPH.json:V29-C06-LINE-4"
"증언에 없는 결론을 복원하지 않고 수사 기록의 시점만 기록한다.","NATURAL_PLAYER_ACTION","narrative/VN_DIALOGUE_GRAPH.json:V29-C06-LINE-5"
"규정 밖의 질문을 하게 만드는군. 그래도 내가 아는 척할 수는 없어.","DIEGETIC_SPOKEN","narrative/VN_DIALOGUE_GRAPH.json:V29-C06-LINE-6"
"허가 표기와 삭제 흔적을 서로 다른 증거로 분리한다.","NATURAL_PLAYER_ACTION","narrative/VN_DIALOGUE_GRAPH.json:V29-C06-LINE-7"
"그 선을 지키면 다음 사람이 빈칸을 자기 생각으로 채우지 않을 거예요.","DIEGETIC_SPOKEN","narrative/VN_DIALOGUE_GRAPH.json:V29-C06-LINE-8"
"허가 도장, 삭제된 행, 종이의 가장자리를 차례로 살폈다.","IN_WORLD_DOCUMENT","narrative/VN_DIALOGUE_GRAPH.json:V29-C06-LINE-9"
"도장은 읽을 수 있지만, 빈 행의 뜻은 읽을 수 없어요. 그 차이가 기록의 정직함이에요.","DIEGETIC_SPOKEN","narrative/VN_DIALOGUE_GRAPH.json:V29-C06-LINE-10"
"나는 지금까지 도장이 모든 걸 설명한다고 적었어. 오늘은 설명하지 않는 것도 적겠어.","DIEGETIC_SPOKEN","narrative/VN_DIALOGUE_GRAPH.json:V29-C06-LINE-11"
"이 종이는 인쇄소로 돌아가야 합니다. 흔적을 덮지 않는 봉투가 필요해요.","DIEGETIC_SPOKEN","narrative/VN_DIALOGUE_GRAPH.json:V29-C06-LINE-12"
"확인된 사실만 봉인하고 미확인 추정은 개인 메모로 남긴다.","NATURAL_PLAYER_ACTION","narrative/VN_DIALOGUE_GRAPH.json:V29-C06-LINE-13"
"규정 밖의 질문을 처음 던졌군. 답은 없지만 질문의 날짜는 남길 수 있어.","DIEGETIC_SPOKEN","narrative/VN_DIALOGUE_GRAPH.json:V29-C06-LINE-14"
"그 날짜를 다음에 다시 보여 주세요. 기억이 바뀌는 자리인지 확인할 테니까.","DIEGETIC_SPOKEN","narrative/VN_DIALOGUE_GRAPH.json:V29-C06-LINE-15"
"삭제 흔적은 지워지지 않았고, 추측은 공식 기록으로 들어가지 않았다.","IN_WORLD_DOCUMENT","narrative/VN_DIALOGUE_GRAPH.json:V29-C06-LINE-16"
"허가 표기와 삭제 흔적을 공식 기록의 두 칸에 나누어 적는다.","NATURAL_PLAYER_ACTION","narrative/VN_DIALOGUE_GRAPH.json:V28-C06-CHOICE-1"
"삭제된 문장의 내용을 추정하지 않고 흔적만 예카테리나와 대조한다.","NATURAL_PLAYER_ACTION","narrative/VN_DIALOGUE_GRAPH.json:V28-C06-CHOICE-2"
"흔적이 남은 종이를 인쇄소로 돌려보내 열람 경로를 기록한다.","NATURAL_PLAYER_ACTION","narrative/VN_DIALOGUE_GRAPH.json:V28-C06-CHOICE-3"
"날짜와 판정의 범위를 먼저 맞추겠어. 내가 증언의 결론을 대신 쓰진 않지.","DIEGETIC_SPOKEN","narrative/VN_DIALOGUE_GRAPH.json:V28-C06-REACTION-1"
"빈칸은 빈칸으로 남겨요. 삭제된 말을 우리 판단으로 되살리면 증언을 바꾸게 돼요.","DIEGETIC_SPOKEN","narrative/VN_DIALOGUE_GRAPH.json:V28-C06-REACTION-2"
"누가 언제 건넸는지는 찾을 수 있습니다. 믿었다는 말까지 배달 경로에 넣지는 않겠습니다.","DIEGETIC_SPOKEN","narrative/VN_DIALOGUE_GRAPH.json:V28-C06-REACTION-3"
"레르몬토프 결투 수사 기록의 원문과 한국어 번역을 나란히 펼쳐, 서로 다른 문서의 목소리를 확인한다.","IN_WORLD_DOCUMENT","narrative/VN_DIALOGUE_GRAPH.json:V29-C06-INSPECT"
"1842년, 레르몬토프의 결투를 둘러싼 수사 기록과 증언이 도착했다.","IN_WORLD_DOCUMENT","narrative/VN_DIALOGUE_GRAPH.json:V31-C06-INTRO-1"
"공식 날짜만 적으면 장부는 닫혀. 하지만 증언까지 판정처럼 쓰면 내가 선을 넘는 거야.","DIEGETIC_SPOKEN","narrative/VN_DIALOGUE_GRAPH.json:V31-C06-INTRO-2"
"결투가 있었다는 기록과 책임을 정한 기록은 달라요. 삭제된 줄을 상상해서 이어 붙이지 말아요.","DIEGETIC_SPOKEN","narrative/VN_DIALOGUE_GRAPH.json:V31-C06-INTRO-3"
"도착 시각은 보이지만 증언을 누가 믿었는지는 보이지 않습니다. 보이는 데까지만 옮기지요.","DIEGETIC_SPOKEN","narrative/VN_DIALOGUE_GRAPH.json:V31-C06-INTRO-4"
"1842-02의 비가 봉투 모서리를 적셨다. 오늘 아침, 인쇄소에서 돌아온 교정지가 젖은 우편 봉투와 함께 왔다.","IN_WORLD_DOCUMENT","narrative/VN_DIALOGUE_GRAPH.json:V28-C08-ARRIVAL-1"
"파벨은 봉투가 늦어진 시간을 말하고 예카테리나는 누가 교정지를 읽었는지 묻는다. 우선 봉인을 확인하지. 봉인은 글보다 먼저 거짓말을 하거든.","DIEGETIC_SPOKEN","narrative/VN_DIALOGUE_GRAPH.json:V28-C08-ALEXEI-1"
"봉인만 보면 편해요. 하지만 오늘은 “젖은 봉투의 흔적을 내용의 증거로 부풀리지 않는다”라고 적힌 줄부터 물어야 해요. 누가 무엇을 보았는지요.","DIEGETIC_SPOKEN","narrative/VN_DIALOGUE_GRAPH.json:V28-C08-EKATERINA-1"
"길은 기록보다 느립니다. 1842-02의 그 봉투가 여기까지 온 시간도 내용의 일부로 남겨 두세요.","DIEGETIC_SPOKEN","narrative/VN_DIALOGUE_GRAPH.json:V28-C08-PAVEL-1"
"알렉세이, 슬라브파와 서구파의 논쟁의 봉인과 본문을 나눠 적겠습니다. 출발 시각을 확인해 주세요.","NATURAL_PLAYER_ACTION","narrative/VN_DIALOGUE_GRAPH.json:V28-C08-CHOICE-1"
"예카테리나, 슬라브파와 서구파의 논쟁에서 실제로 읽은 문장만 말해 주세요. 나머지는 추측하지 않겠습니다.","NATURAL_PLAYER_ACTION","narrative/VN_DIALOGUE_GRAPH.json:V28-C08-CHOICE-2"
"파벨, 슬라브파와 서구파의 논쟁의 봉투를 맡기겠습니다. 이름과 도착 시각도 적을까요?","NATURAL_PLAYER_ACTION","narrative/VN_DIALOGUE_GRAPH.json:V28-C08-CHOICE-3"
"1842-02의 봉인을 그렇게까지 칸을 나누면 일이 늦어져. 그래도 네 이름으로 남긴다면 내가 출발 시각은 찾아보지.","DIEGETIC_SPOKEN","narrative/VN_DIALOGUE_GRAPH.json:V28-C08-REACTION-1"
"그 차이를 원문으로 확인하겠다고요? 슬라브파와 서구파의 논쟁에서 숨긴 줄과 보여 줄 줄을 구분해 볼게요. 이제야 제대로 묻네요.","DIEGETIC_SPOKEN","narrative/VN_DIALOGUE_GRAPH.json:V28-C08-REACTION-2"
"1842-02의 그 봉투가 여기까지 온 길은 짧지 않았습니다. 이름은 봉투보다 먼저 움직이니 도착 시각부터 쓰지요.","DIEGETIC_SPOKEN","narrative/VN_DIALOGUE_GRAPH.json:V28-C08-REACTION-3"
"책상 위에서 원문과 번역을 맞춘다. “젖은 봉투의 흔적을 내용의 증거로 부풀리지 않는다”라고 적힌 대목을 먼저 확인한다. 서로 다른 입장을 한 파일에 병치할지 고른다.","IN_WORLD_DOCUMENT","narrative/VN_DIALOGUE_GRAPH.json:V28-C08-INSPECT-1"
"“젖은 봉투의 흔적을 내용의 증거로 부풀리지 않는다”라는 원칙을 읽고도 같은 판단을 하겠어요? 슬라브파와 서구파의 논쟁를 읽기 전과 읽은 뒤의 말을 구분해야 해요.","DIEGETIC_SPOKEN","narrative/VN_DIALOGUE_GRAPH.json:V28-C08-EVIDENCE-1"
"좋아. 슬라브파와 서구파의 논쟁에서 네가 본 것과 내가 두려워한 것을 한 줄에 섞지 않겠다.","DIEGETIC_SPOKEN","narrative/VN_DIALOGUE_GRAPH.json:V28-C08-EVIDENCE-2"
"전달을 맡긴 뒤 파벨의 신뢰가 달라진 일. 그 말을 다음 장부의 빈 칸에 적어 두지는 않겠지만, 나는 잊지 않겠다.","DIEGETIC_SPOKEN","narrative/VN_DIALOGUE_GRAPH.json:V28-C08-MEMORY-A"
"다음에 만났을 때 “젖은 봉투의 흔적을 내용의 증거로 부풀리지 않는다”라는 원칙을 기억하고 있다면, 그때는 봉투를 한 겹 덜 접어도 되겠네요.","DIEGETIC_SPOKEN","narrative/VN_DIALOGUE_GRAPH.json:V28-C08-MEMORY-E"
"1842-02의 길이는 짧지 않았습니다. 누가 들었는지 묻는 사람에게는 당신이 고른 말부터 전하겠습니다.","DIEGETIC_SPOKEN","narrative/VN_DIALOGUE_GRAPH.json:V28-C08-MEMORY-P"
"오늘은 슬라브파와 서구파의 논쟁를 한 사람의 의도로 줄이지 않겠다고 말한다.","NATURAL_PLAYER_ACTION","narrative/VN_DIALOGUE_GRAPH.json:V28-C08-PLAYER"
"봉투의 접힌 선과 남겨 둔 이름이 다음 방문의 문턱이 된다. 파벨은 봉투가 늦어진 시간을 말하고 예카테리나는 누가 교정지를 읽었는지 묻는다. 이 기록의 답은 아직 닫히지 않았다.","IN_WORLD_DOCUMENT","narrative/VN_DIALOGUE_GRAPH.json:V28-C08-AFTERMATH"
"기록을 접기 전, 전달을 맡긴 뒤 파벨의 신뢰가 달라진 일라는 말이 책상 위에 남았다.","IN_WORLD_DOCUMENT","narrative/VN_DIALOGUE_GRAPH.json:V28-C08-CLOSE-1"
"다음번에는 인쇄소에서 돌아온 교정지가 젖은 우편 봉투와 함께 왔다에서 네가 고른 문장을 기억하고 오겠지. 나는 1842-02의 봉인을 기억하겠다.","DIEGETIC_SPOKEN","narrative/VN_DIALOGUE_GRAPH.json:V28-C08-CLOSE-2"
"“젖은 봉투의 흔적을 내용의 증거로 부풀리지 않는다”라는 원칙에 관한 다음 봉투를 가져올게요. 다만 오늘의 침묵까지 같은 뜻이었다고 쓰지는 마세요.","DIEGETIC_SPOKEN","narrative/VN_DIALOGUE_GRAPH.json:V28-C08-CLOSE-3"
"1842-02의 문이 닫히기 전까지는 전달이 끝난 게 아닙니다. 누가 슬라브파와 서구파의 논쟁를 들었는지도 함께 남겨 주세요.","DIEGETIC_SPOKEN","narrative/VN_DIALOGUE_GRAPH.json:V28-C08-CLOSE-4"
"1842년 5월, 수정된 《죽은 혼》 원고와 허가 표기가 한 묶음으로 돌아왔다.","IN_WORLD_DOCUMENT","narrative/VN_DIALOGUE_GRAPH.json:V29-C07-LINE-1"
"도장이 찍혔으니 읽을 수 있는 원고야. 없는 장면을 찾아내는 건 내 일이 아니고.","DIEGETIC_SPOKEN","narrative/VN_DIALOGUE_GRAPH.json:V29-C07-LINE-2"
"그 말이 가장 편하죠. 그런데 이 줄은 원고에서 사라졌고, 여백에는 작가의 손이 남아 있어요.","DIEGETIC_SPOKEN","narrative/VN_DIALOGUE_GRAPH.json:V29-C07-LINE-3"
"인쇄소에서 돌아오는 길에 봉투를 한 번 더 묶었습니다. 누가 열었는지는 모르지만, 젖은 자국은 보입니다.","DIEGETIC_SPOKEN","narrative/VN_DIALOGUE_GRAPH.json:V29-C07-LINE-4"
"허가된 판본과 원고의 차이를 먼저 보여 달라고 말한다.","NATURAL_PLAYER_ACTION","narrative/VN_DIALOGUE_GRAPH.json:V29-C07-LINE-5"
"차이를 보여 주면 누군가는 삭제 이유까지 쓰라고 하겠지.","DIEGETIC_SPOKEN","narrative/VN_DIALOGUE_GRAPH.json:V29-C07-LINE-6"
"이유를 모르면 이유를 쓰지 않겠습니다. 사라진 자리만 정확히 남기죠.","NATURAL_PLAYER_ACTION","narrative/VN_DIALOGUE_GRAPH.json:V29-C07-LINE-7"
"그게 내가 원한 답이에요. 작가가 고친 말과 검열관이 지운 말은 서로의 대리인이 아니니까.","DIEGETIC_SPOKEN","narrative/VN_DIALOGUE_GRAPH.json:V29-C07-LINE-8"
"원고의 행과 허가된 인쇄본의 빈자리를 번갈아 확인했다.","IN_WORLD_DOCUMENT","narrative/VN_DIALOGUE_GRAPH.json:V29-C07-LINE-9"
"나는 방금까지 허가를 원형의 증명처럼 쓰려 했어. 그건 편했을 뿐이군.","DIEGETIC_SPOKEN","narrative/VN_DIALOGUE_GRAPH.json:V29-C07-LINE-10"
"편한 문장은 오래 남지만, 남겨야 할 문장과 같지는 않아요.","DIEGETIC_SPOKEN","narrative/VN_DIALOGUE_GRAPH.json:V29-C07-LINE-11"
"다음 인쇄소로 돌릴 때 어느 판본을 맡겼는지도 적어 두겠습니다.","DIEGETIC_SPOKEN","narrative/VN_DIALOGUE_GRAPH.json:V29-C07-LINE-12"
"삭제된 대목과 수정된 대목을 서로 다른 봉투에 넣는다.","NATURAL_PLAYER_ACTION","narrative/VN_DIALOGUE_GRAPH.json:V29-C07-LINE-13"
"이렇게 하면 내 장부에는 빈칸이 생겨. 이상하게도 그게 더 정직해 보여.","DIEGETIC_SPOKEN","narrative/VN_DIALOGUE_GRAPH.json:V29-C07-LINE-14"
"지난번에 당신이 지킨 날짜를 기억하고 있어요. 이번엔 문장도 그렇게 지켜 봐요.","DIEGETIC_SPOKEN","narrative/VN_DIALOGUE_GRAPH.json:V29-C07-LINE-15"
"눈이 그쳤습니다. 하지만 원고는 아직 이동 중인 물건입니다.","DIEGETIC_SPOKEN","narrative/VN_DIALOGUE_GRAPH.json:V29-C07-LINE-16"
"허가 표기는 결말이 아니라 다음 질문을 여는 표지로 남았다.","IN_WORLD_DOCUMENT","narrative/VN_DIALOGUE_GRAPH.json:V29-C07-LINE-17"
"다음번엔 내가 먼저 삭제된 줄을 묻겠다. 규정이 대답해 주지 않아도.","DIEGETIC_SPOKEN","narrative/VN_DIALOGUE_GRAPH.json:V29-C07-LINE-18"
"허가 표기를 먼저 적고, 원고의 빈자리는 부록에 둔다.","NATURAL_PLAYER_ACTION","narrative/VN_DIALOGUE_GRAPH.json:V28-C07-CHOICE-1"
"삭제된 대목을 먼저 대조하자. 허가가 원고 전체를 대신하지는 않는다.","NATURAL_PLAYER_ACTION","narrative/VN_DIALOGUE_GRAPH.json:V28-C07-CHOICE-2"
"판본을 나누지 말고 인쇄소에 그대로 돌려보낸다.","NATURAL_PLAYER_ACTION","narrative/VN_DIALOGUE_GRAPH.json:V28-C07-CHOICE-3"
"허가 표기는 허가로만 적겠어. 원고의 빈자리를 원형의 증명처럼 쓰진 않지.","DIEGETIC_SPOKEN","narrative/VN_DIALOGUE_GRAPH.json:V28-C07-REACTION-1"
"사라진 자리를 보여 주세요. 이유를 모르면 그 모름까지 함께 남겨야 해요.","DIEGETIC_SPOKEN","narrative/VN_DIALOGUE_GRAPH.json:V28-C07-REACTION-2"
"두 판본을 섞지 않고 돌려보내겠습니다. 다음 열람자가 차이를 볼 수 있게요.","DIEGETIC_SPOKEN","narrative/VN_DIALOGUE_GRAPH.json:V28-C07-REACTION-3"
"《죽은 혼》의 출판과 검열의 원문과 한국어 번역을 나란히 펼쳐, 서로 다른 문서의 목소리를 확인한다.","IN_WORLD_DOCUMENT","narrative/VN_DIALOGUE_GRAPH.json:V29-C07-INSPECT"
"허가된 판본과 여백이 남은 원고가 나란히 펼쳐졌다.","IN_WORLD_DOCUMENT","narrative/VN_DIALOGUE_GRAPH.json:V31-C07-INTRO-1"
"도장이 찍혔다고 원고 전체를 읽은 건 아니야. 내가 모르는 장면까지 대신 말할 수는 없어.","DIEGETIC_SPOKEN","narrative/VN_DIALOGUE_GRAPH.json:V31-C07-INTRO-2"
"사라진 줄과 작가가 고친 줄은 서로의 대리인이 아니에요. 빈자리도 본문과 함께 보여 줘요.","DIEGETIC_SPOKEN","narrative/VN_DIALOGUE_GRAPH.json:V31-C07-INTRO-3"
"인쇄소에서 돌아오는 길에 봉투를 한 번 더 묶었습니다. 누가 열었는지는 아직 모릅니다.","DIEGETIC_SPOKEN","narrative/VN_DIALOGUE_GRAPH.json:V31-C07-INTRO-4"
"1844-06의 비가 봉투 모서리를 적셨다. 오늘 아침, 지방 인쇄 허가서와 수도의 회신이 날짜를 달리한다.","IN_WORLD_DOCUMENT","narrative/VN_DIALOGUE_GRAPH.json:V28-C09-ARRIVAL-1"
"알렉세이는 회신일만 적으려 하지만 파벨은 출발일이 사라지면 책임의 길도 사라진다고 한다. 우선 봉인을 확인하지. 봉인은 글보다 먼저 거짓말을 하거든.","DIEGETIC_SPOKEN","narrative/VN_DIALOGUE_GRAPH.json:V28-C09-ALEXEI-1"
"봉인만 보면 편해요. 하지만 오늘은 “출발·도착·열람 시각을 세 칸으로 기록한다”라고 적힌 줄부터 물어야 해요. 누가 무엇을 보았는지요.","DIEGETIC_SPOKEN","narrative/VN_DIALOGUE_GRAPH.json:V28-C09-EKATERINA-1"
"길은 기록보다 느립니다. 1844-06의 그 봉투가 여기까지 온 시간도 내용의 일부로 남겨 두세요.","DIEGETIC_SPOKEN","narrative/VN_DIALOGUE_GRAPH.json:V28-C09-PAVEL-1"
"알렉세이, 벨린스키 비평의 변화의 봉인과 본문을 나눠 적겠습니다. 출발 시각을 확인해 주세요.","NATURAL_PLAYER_ACTION","narrative/VN_DIALOGUE_GRAPH.json:V28-C09-CHOICE-1"
"예카테리나, 벨린스키 비평의 변화에서 실제로 읽은 문장만 말해 주세요. 나머지는 추측하지 않겠습니다.","NATURAL_PLAYER_ACTION","narrative/VN_DIALOGUE_GRAPH.json:V28-C09-CHOICE-2"
"파벨, 벨린스키 비평의 변화의 봉투를 맡기겠습니다. 이름과 도착 시각도 적을까요?","NATURAL_PLAYER_ACTION","narrative/VN_DIALOGUE_GRAPH.json:V28-C09-CHOICE-3"
"1844-06의 봉인을 그렇게까지 칸을 나누면 일이 늦어져. 그래도 네 이름으로 남긴다면 내가 출발 시각은 찾아보지.","DIEGETIC_SPOKEN","narrative/VN_DIALOGUE_GRAPH.json:V28-C09-REACTION-1"
"그 차이를 원문으로 확인하겠다고요? 벨린스키 비평의 변화에서 숨긴 줄과 보여 줄 줄을 구분해 볼게요. 이제야 제대로 묻네요.","DIEGETIC_SPOKEN","narrative/VN_DIALOGUE_GRAPH.json:V28-C09-REACTION-2"
"1844-06의 그 봉투가 여기까지 온 길은 짧지 않았습니다. 이름은 봉투보다 먼저 움직이니 도착 시각부터 쓰지요.","DIEGETIC_SPOKEN","narrative/VN_DIALOGUE_GRAPH.json:V28-C09-REACTION-3"
"책상 위에서 원문과 번역을 맞춘다. “출발·도착·열람 시각을 세 칸으로 기록한다”라고 적힌 대목을 먼저 확인한다. 비평의 방향 전환을 파일에 기록한다.","IN_WORLD_DOCUMENT","narrative/VN_DIALOGUE_GRAPH.json:V28-C09-INSPECT-1"
"“출발·도착·열람 시각을 세 칸으로 기록한다”라는 원칙을 읽고도 같은 판단을 하겠어요? 벨린스키 비평의 변화를 읽기 전과 읽은 뒤의 말을 구분해야 해요.","DIEGETIC_SPOKEN","narrative/VN_DIALOGUE_GRAPH.json:V28-C09-EVIDENCE-1"
"좋아. 벨린스키 비평의 변화에서 네가 본 것과 내가 두려워한 것을 한 줄에 섞지 않겠다.","DIEGETIC_SPOKEN","narrative/VN_DIALOGUE_GRAPH.json:V28-C09-EVIDENCE-2"
"알렉세이가 가족 이야기를 농담으로 덮은 순간. 그 말을 다음 장부의 빈 칸에 적어 두지는 않겠지만, 나는 잊지 않겠다.","DIEGETIC_SPOKEN","narrative/VN_DIALOGUE_GRAPH.json:V28-C09-MEMORY-A"
"다음에 만났을 때 “출발·도착·열람 시각을 세 칸으로 기록한다”라는 원칙을 기억하고 있다면, 그때는 봉투를 한 겹 덜 접어도 되겠네요.","DIEGETIC_SPOKEN","narrative/VN_DIALOGUE_GRAPH.json:V28-C09-MEMORY-E"
"1844-06의 길이는 짧지 않았습니다. 누가 들었는지 묻는 사람에게는 당신이 고른 말부터 전하겠습니다.","DIEGETIC_SPOKEN","narrative/VN_DIALOGUE_GRAPH.json:V28-C09-MEMORY-P"
"오늘은 벨린스키 비평의 변화를 한 사람의 의도로 줄이지 않겠다고 말한다.","NATURAL_PLAYER_ACTION","narrative/VN_DIALOGUE_GRAPH.json:V28-C09-PLAYER"
"봉투의 접힌 선과 남겨 둔 이름이 다음 방문의 문턱이 된다. 알렉세이는 회신일만 적으려 하지만 파벨은 출발일이 사라지면 책임의 길도 사라진다고 한다. 이 기록의 답은 아직 닫히지 않았다.","IN_WORLD_DOCUMENT","narrative/VN_DIALOGUE_GRAPH.json:V28-C09-AFTERMATH"
"기록을 접기 전, 알렉세이가 가족 이야기를 농담으로 덮은 순간라는 말이 책상 위에 남았다.","IN_WORLD_DOCUMENT","narrative/VN_DIALOGUE_GRAPH.json:V28-C09-CLOSE-1"
"다음번에는 지방 인쇄 허가서와 수도의 회신이 날짜를 달리한다에서 네가 고른 문장을 기억하고 오겠지. 나는 1844-06의 봉인을 기억하겠다.","DIEGETIC_SPOKEN","narrative/VN_DIALOGUE_GRAPH.json:V28-C09-CLOSE-2"
"“출발·도착·열람 시각을 세 칸으로 기록한다”라는 원칙에 관한 다음 봉투를 가져올게요. 다만 오늘의 침묵까지 같은 뜻이었다고 쓰지는 마세요.","DIEGETIC_SPOKEN","narrative/VN_DIALOGUE_GRAPH.json:V28-C09-CLOSE-3"
"1844-06의 문이 닫히기 전까지는 전달이 끝난 게 아닙니다. 누가 벨린스키 비평의 변화를 들었는지도 함께 남겨 주세요.","DIEGETIC_SPOKEN","narrative/VN_DIALOGUE_GRAPH.json:V28-C09-CLOSE-4"
"1845-01의 비가 봉투 모서리를 적셨다. 오늘 아침, 문학 동회의 초대장이 공식 기록의 여백에서 발견됐다.","IN_WORLD_DOCUMENT","narrative/VN_DIALOGUE_GRAPH.json:V28-C10-ARRIVAL-1"
"예카테리나는 초대받지 않은 사람이 알 수 있는 정보와 참석자의 말을 분리한다. 우선 봉인을 확인하지. 봉인은 글보다 먼저 거짓말을 하거든.","DIEGETIC_SPOKEN","narrative/VN_DIALOGUE_GRAPH.json:V28-C10-ALEXEI-1"
"봉인만 보면 편해요. 하지만 오늘은 “초대장 자체와 참석 여부를 같은 사실로 만들지 않는다”라고 적힌 줄부터 물어야 해요. 누가 무엇을 보았는지요.","DIEGETIC_SPOKEN","narrative/VN_DIALOGUE_GRAPH.json:V28-C10-EKATERINA-1"
"길은 기록보다 느립니다. 1845-01의 그 봉투가 여기까지 온 시간도 내용의 일부로 남겨 두세요.","DIEGETIC_SPOKEN","narrative/VN_DIALOGUE_GRAPH.json:V28-C10-PAVEL-1"
"알렉세이, 자연파 논쟁의 봉인과 본문을 나눠 적겠습니다. 출발 시각을 확인해 주세요.","NATURAL_PLAYER_ACTION","narrative/VN_DIALOGUE_GRAPH.json:V28-C10-CHOICE-1"
"예카테리나, 자연파 논쟁에서 실제로 읽은 문장만 말해 주세요. 나머지는 추측하지 않겠습니다.","NATURAL_PLAYER_ACTION","narrative/VN_DIALOGUE_GRAPH.json:V28-C10-CHOICE-2"
"파벨, 자연파 논쟁의 봉투를 맡기겠습니다. 이름과 도착 시각도 적을까요?","NATURAL_PLAYER_ACTION","narrative/VN_DIALOGUE_GRAPH.json:V28-C10-CHOICE-3"
"1845-01의 봉인을 그렇게까지 칸을 나누면 일이 늦어져. 그래도 네 이름으로 남긴다면 내가 출발 시각은 찾아보지.","DIEGETIC_SPOKEN","narrative/VN_DIALOGUE_GRAPH.json:V28-C10-REACTION-1"
"그 차이를 원문으로 확인하겠다고요? 자연파 논쟁에서 숨긴 줄과 보여 줄 줄을 구분해 볼게요. 이제야 제대로 묻네요.","DIEGETIC_SPOKEN","narrative/VN_DIALOGUE_GRAPH.json:V28-C10-REACTION-2"
"1845-01의 그 봉투가 여기까지 온 길은 짧지 않았습니다. 이름은 봉투보다 먼저 움직이니 도착 시각부터 쓰지요.","DIEGETIC_SPOKEN","narrative/VN_DIALOGUE_GRAPH.json:V28-C10-REACTION-3"
"책상 위에서 원문과 번역을 맞춘다. “초대장 자체와 참석 여부를 같은 사실로 만들지 않는다”라고 적힌 대목을 먼저 확인한다. 새 문학 경향을 위험 신호로 볼지 판단한다.","IN_WORLD_DOCUMENT","narrative/VN_DIALOGUE_GRAPH.json:V28-C10-INSPECT-1"
"“초대장 자체와 참석 여부를 같은 사실로 만들지 않는다”라는 원칙을 읽고도 같은 판단을 하겠어요? 자연파 논쟁를 읽기 전과 읽은 뒤의 말을 구분해야 해요.","DIEGETIC_SPOKEN","narrative/VN_DIALOGUE_GRAPH.json:V28-C10-EVIDENCE-1"
"좋아. 자연파 논쟁에서 네가 본 것과 내가 두려워한 것을 한 줄에 섞지 않겠다.","DIEGETIC_SPOKEN","narrative/VN_DIALOGUE_GRAPH.json:V28-C10-EVIDENCE-2"
"침묵으로 서로를 지킨 그날. 그 말을 다음 장부의 빈 칸에 적어 두지는 않겠지만, 나는 잊지 않겠다.","DIEGETIC_SPOKEN","narrative/VN_DIALOGUE_GRAPH.json:V28-C10-MEMORY-A"
"다음에 만났을 때 “초대장 자체와 참석 여부를 같은 사실로 만들지 않는다”라는 원칙을 기억하고 있다면, 그때는 봉투를 한 겹 덜 접어도 되겠네요.","DIEGETIC_SPOKEN","narrative/VN_DIALOGUE_GRAPH.json:V28-C10-MEMORY-E"
"1845-01의 길이는 짧지 않았습니다. 누가 들었는지 묻는 사람에게는 당신이 고른 말부터 전하겠습니다.","DIEGETIC_SPOKEN","narrative/VN_DIALOGUE_GRAPH.json:V28-C10-MEMORY-P"
"오늘은 자연파 논쟁를 한 사람의 의도로 줄이지 않겠다고 말한다.","NATURAL_PLAYER_ACTION","narrative/VN_DIALOGUE_GRAPH.json:V28-C10-PLAYER"
"봉투의 접힌 선과 남겨 둔 이름이 다음 방문의 문턱이 된다. 예카테리나는 초대받지 않은 사람이 알 수 있는 정보와 참석자의 말을 분리한다. 이 기록의 답은 아직 닫히지 않았다.","IN_WORLD_DOCUMENT","narrative/VN_DIALOGUE_GRAPH.json:V28-C10-AFTERMATH"
"기록을 접기 전, 침묵으로 서로를 지킨 그날라는 말이 책상 위에 남았다.","IN_WORLD_DOCUMENT","narrative/VN_DIALOGUE_GRAPH.json:V28-C10-CLOSE-1"
"다음번에는 문학 동회의 초대장이 공식 기록의 여백에서 발견됐다에서 네가 고른 문장을 기억하고 오겠지. 나는 1845-01의 봉인을 기억하겠다.","DIEGETIC_SPOKEN","narrative/VN_DIALOGUE_GRAPH.json:V28-C10-CLOSE-2"
"“초대장 자체와 참석 여부를 같은 사실로 만들지 않는다”라는 원칙에 관한 다음 봉투를 가져올게요. 다만 오늘의 침묵까지 같은 뜻이었다고 쓰지는 마세요.","DIEGETIC_SPOKEN","narrative/VN_DIALOGUE_GRAPH.json:V28-C10-CLOSE-3"
"1845-01의 문이 닫히기 전까지는 전달이 끝난 게 아닙니다. 누가 자연파 논쟁를 들었는지도 함께 남겨 주세요.","DIEGETIC_SPOKEN","narrative/VN_DIALOGUE_GRAPH.json:V28-C10-CLOSE-4"
"1845-09의 비가 봉투 모서리를 적셨다. 오늘 아침, 외국 서신의 번역본에 러시아어 원문이 붙어 있다.","IN_WORLD_DOCUMENT","narrative/VN_DIALOGUE_GRAPH.json:V28-C11-ARRIVAL-1"
"파벨은 번역본만 배달하라는 지시를 받았고 예카테리나는 원문을 숨기지 말라고 한다. 우선 봉인을 확인하지. 봉인은 글보다 먼저 거짓말을 하거든.","DIEGETIC_SPOKEN","narrative/VN_DIALOGUE_GRAPH.json:V28-C11-ALEXEI-1"
"봉인만 보면 편해요. 하지만 오늘은 “번역자가 고른 단어와 발신자의 문장을 다른 층위로 보관한다”라고 적힌 줄부터 물어야 해요. 누가 무엇을 보았는지요.","DIEGETIC_SPOKEN","narrative/VN_DIALOGUE_GRAPH.json:V28-C11-EKATERINA-1"
"길은 기록보다 느립니다. 1845-09의 그 봉투가 여기까지 온 시간도 내용의 일부로 남겨 두세요.","DIEGETIC_SPOKEN","narrative/VN_DIALOGUE_GRAPH.json:V28-C11-PAVEL-1"
"알렉세이, 상트페테르부르크 문학 연감의 봉인과 본문을 나눠 적겠습니다. 출발 시각을 확인해 주세요.","NATURAL_PLAYER_ACTION","narrative/VN_DIALOGUE_GRAPH.json:V28-C11-CHOICE-1"
"예카테리나, 상트페테르부르크 문학 연감에서 실제로 읽은 문장만 말해 주세요. 나머지는 추측하지 않겠습니다.","NATURAL_PLAYER_ACTION","narrative/VN_DIALOGUE_GRAPH.json:V28-C11-CHOICE-2"
"파벨, 상트페테르부르크 문학 연감의 봉투를 맡기겠습니다. 이름과 도착 시각도 적을까요?","NATURAL_PLAYER_ACTION","narrative/VN_DIALOGUE_GRAPH.json:V28-C11-CHOICE-3"
"1845-09의 봉인을 그렇게까지 칸을 나누면 일이 늦어져. 그래도 네 이름으로 남긴다면 내가 출발 시각은 찾아보지.","DIEGETIC_SPOKEN","narrative/VN_DIALOGUE_GRAPH.json:V28-C11-REACTION-1"
"그 차이를 원문으로 확인하겠다고요? 상트페테르부르크 문학 연감에서 숨긴 줄과 보여 줄 줄을 구분해 볼게요. 이제야 제대로 묻네요.","DIEGETIC_SPOKEN","narrative/VN_DIALOGUE_GRAPH.json:V28-C11-REACTION-2"
"1845-09의 그 봉투가 여기까지 온 길은 짧지 않았습니다. 이름은 봉투보다 먼저 움직이니 도착 시각부터 쓰지요.","DIEGETIC_SPOKEN","narrative/VN_DIALOGUE_GRAPH.json:V28-C11-REACTION-3"
"책상 위에서 원문과 번역을 맞춘다. “번역자가 고른 단어와 발신자의 문장을 다른 층위로 보관한다”라고 적힌 대목을 먼저 확인한다. 한 권의 연감을 통과시킬 조건을 정한다.","IN_WORLD_DOCUMENT","narrative/VN_DIALOGUE_GRAPH.json:V28-C11-INSPECT-1"
"“번역자가 고른 단어와 발신자의 문장을 다른 층위로 보관한다”라는 원칙을 읽고도 같은 판단을 하겠어요? 상트페테르부르크 문학 연감를 읽기 전과 읽은 뒤의 말을 구분해야 해요.","DIEGETIC_SPOKEN","narrative/VN_DIALOGUE_GRAPH.json:V28-C11-EVIDENCE-1"
"좋아. 상트페테르부르크 문학 연감에서 네가 본 것과 내가 두려워한 것을 한 줄에 섞지 않겠다.","DIEGETIC_SPOKEN","narrative/VN_DIALOGUE_GRAPH.json:V28-C11-EVIDENCE-2"
"파벨이 봉투의 무게를 기억한 일. 그 말을 다음 장부의 빈 칸에 적어 두지는 않겠지만, 나는 잊지 않겠다.","DIEGETIC_SPOKEN","narrative/VN_DIALOGUE_GRAPH.json:V28-C11-MEMORY-A"
"다음에 만났을 때 “번역자가 고른 단어와 발신자의 문장을 다른 층위로 보관한다”라는 원칙을 기억하고 있다면, 그때는 봉투를 한 겹 덜 접어도 되겠네요.","DIEGETIC_SPOKEN","narrative/VN_DIALOGUE_GRAPH.json:V28-C11-MEMORY-E"
"1845-09의 길이는 짧지 않았습니다. 누가 들었는지 묻는 사람에게는 당신이 고른 말부터 전하겠습니다.","DIEGETIC_SPOKEN","narrative/VN_DIALOGUE_GRAPH.json:V28-C11-MEMORY-P"
"오늘은 상트페테르부르크 문학 연감를 한 사람의 의도로 줄이지 않겠다고 말한다.","NATURAL_PLAYER_ACTION","narrative/VN_DIALOGUE_GRAPH.json:V28-C11-PLAYER"
"봉투의 접힌 선과 남겨 둔 이름이 다음 방문의 문턱이 된다. 파벨은 번역본만 배달하라는 지시를 받았고 예카테리나는 원문을 숨기지 말라고 한다. 이 기록의 답은 아직 닫히지 않았다.","IN_WORLD_DOCUMENT","narrative/VN_DIALOGUE_GRAPH.json:V28-C11-AFTERMATH"
"기록을 접기 전, 파벨이 봉투의 무게를 기억한 일라는 말이 책상 위에 남았다.","IN_WORLD_DOCUMENT","narrative/VN_DIALOGUE_GRAPH.json:V28-C11-CLOSE-1"
"다음번에는 외국 서신의 번역본에 러시아어 원문이 붙어 있다에서 네가 고른 문장을 기억하고 오겠지. 나는 1845-09의 봉인을 기억하겠다.","DIEGETIC_SPOKEN","narrative/VN_DIALOGUE_GRAPH.json:V28-C11-CLOSE-2"
"“번역자가 고른 단어와 발신자의 문장을 다른 층위로 보관한다”라는 원칙에 관한 다음 봉투를 가져올게요. 다만 오늘의 침묵까지 같은 뜻이었다고 쓰지는 마세요.","DIEGETIC_SPOKEN","narrative/VN_DIALOGUE_GRAPH.json:V28-C11-CLOSE-3"
"1845-09의 문이 닫히기 전까지는 전달이 끝난 게 아닙니다. 누가 상트페테르부르크 문학 연감를 들었는지도 함께 남겨 주세요.","DIEGETIC_SPOKEN","narrative/VN_DIALOGUE_GRAPH.json:V28-C11-CLOSE-4"
"1846-03의 비가 봉투 모서리를 적셨다. 오늘 아침, 서사시의 첫 연이 관청의 요약문으로 바뀌어 있다.","IN_WORLD_DOCUMENT","narrative/VN_DIALOGUE_GRAPH.json:V28-C12-ARRIVAL-1"
"알렉세이는 요약을 편리한 표제로 삼고 예카테리나는 첫 연의 리듬이 사라졌다고 한다. 우선 봉인을 확인하지. 봉인은 글보다 먼저 거짓말을 하거든.","DIEGETIC_SPOKEN","narrative/VN_DIALOGUE_GRAPH.json:V28-C12-ALEXEI-1"
"봉인만 보면 편해요. 하지만 오늘은 “요약문을 원문 대용으로 쓰지 않는다”라고 적힌 줄부터 물어야 해요. 누가 무엇을 보았는지요.","DIEGETIC_SPOKEN","narrative/VN_DIALOGUE_GRAPH.json:V28-C12-EKATERINA-1"
"길은 기록보다 느립니다. 1846-03의 그 봉투가 여기까지 온 시간도 내용의 일부로 남겨 두세요.","DIEGETIC_SPOKEN","narrative/VN_DIALOGUE_GRAPH.json:V28-C12-PAVEL-1"
"알렉세이, 도스토옙스키의 첫 소설의 봉인과 본문을 나눠 적겠습니다. 출발 시각을 확인해 주세요.","NATURAL_PLAYER_ACTION","narrative/VN_DIALOGUE_GRAPH.json:V28-C12-CHOICE-1"
"예카테리나, 도스토옙스키의 첫 소설에서 실제로 읽은 문장만 말해 주세요. 나머지는 추측하지 않겠습니다.","NATURAL_PLAYER_ACTION","narrative/VN_DIALOGUE_GRAPH.json:V28-C12-CHOICE-2"
"파벨, 도스토옙스키의 첫 소설의 봉투를 맡기겠습니다. 이름과 도착 시각도 적을까요?","NATURAL_PLAYER_ACTION","narrative/VN_DIALOGUE_GRAPH.json:V28-C12-CHOICE-3"
"1846-03의 봉인을 그렇게까지 칸을 나누면 일이 늦어져. 그래도 네 이름으로 남긴다면 내가 출발 시각은 찾아보지.","DIEGETIC_SPOKEN","narrative/VN_DIALOGUE_GRAPH.json:V28-C12-REACTION-1"
"그 차이를 원문으로 확인하겠다고요? 도스토옙스키의 첫 소설에서 숨긴 줄과 보여 줄 줄을 구분해 볼게요. 이제야 제대로 묻네요.","DIEGETIC_SPOKEN","narrative/VN_DIALOGUE_GRAPH.json:V28-C12-REACTION-2"
"1846-03의 그 봉투가 여기까지 온 길은 짧지 않았습니다. 이름은 봉투보다 먼저 움직이니 도착 시각부터 쓰지요.","DIEGETIC_SPOKEN","narrative/VN_DIALOGUE_GRAPH.json:V28-C12-REACTION-3"
"책상 위에서 원문과 번역을 맞춘다. “요약문을 원문 대용으로 쓰지 않는다”라고 적힌 대목을 먼저 확인한다. 신인 작가를 어떤 위험 등급에 놓을지 결정한다.","IN_WORLD_DOCUMENT","narrative/VN_DIALOGUE_GRAPH.json:V28-C12-INSPECT-1"
"“요약문을 원문 대용으로 쓰지 않는다”라는 원칙을 읽고도 같은 판단을 하겠어요? 도스토옙스키의 첫 소설를 읽기 전과 읽은 뒤의 말을 구분해야 해요.","DIEGETIC_SPOKEN","narrative/VN_DIALOGUE_GRAPH.json:V28-C12-EVIDENCE-1"
"좋아. 도스토옙스키의 첫 소설에서 네가 본 것과 내가 두려워한 것을 한 줄에 섞지 않겠다.","DIEGETIC_SPOKEN","narrative/VN_DIALOGUE_GRAPH.json:V28-C12-EVIDENCE-2"
"내가 기억한 한 단어가 다음 대화의 열쇠가 된 일. 그 말을 다음 장부의 빈 칸에 적어 두지는 않겠지만, 나는 잊지 않겠다.","DIEGETIC_SPOKEN","narrative/VN_DIALOGUE_GRAPH.json:V28-C12-MEMORY-A"
"다음에 만났을 때 “요약문을 원문 대용으로 쓰지 않는다”라는 원칙을 기억하고 있다면, 그때는 봉투를 한 겹 덜 접어도 되겠네요.","DIEGETIC_SPOKEN","narrative/VN_DIALOGUE_GRAPH.json:V28-C12-MEMORY-E"
"1846-03의 길이는 짧지 않았습니다. 누가 들었는지 묻는 사람에게는 당신이 고른 말부터 전하겠습니다.","DIEGETIC_SPOKEN","narrative/VN_DIALOGUE_GRAPH.json:V28-C12-MEMORY-P"
"오늘은 도스토옙스키의 첫 소설를 한 사람의 의도로 줄이지 않겠다고 말한다.","NATURAL_PLAYER_ACTION","narrative/VN_DIALOGUE_GRAPH.json:V28-C12-PLAYER"
"봉투의 접힌 선과 남겨 둔 이름이 다음 방문의 문턱이 된다. 알렉세이는 요약을 편리한 표제로 삼고 예카테리나는 첫 연의 리듬이 사라졌다고 한다. 이 기록의 답은 아직 닫히지 않았다.","IN_WORLD_DOCUMENT","narrative/VN_DIALOGUE_GRAPH.json:V28-C12-AFTERMATH"
"기록을 접기 전, 내가 기억한 한 단어가 다음 대화의 열쇠가 된 일라는 말이 책상 위에 남았다.","IN_WORLD_DOCUMENT","narrative/VN_DIALOGUE_GRAPH.json:V28-C12-CLOSE-1"
"다음번에는 서사시의 첫 연이 관청의 요약문으로 바뀌어 있다에서 네가 고른 문장을 기억하고 오겠지. 나는 1846-03의 봉인을 기억하겠다.","DIEGETIC_SPOKEN","narrative/VN_DIALOGUE_GRAPH.json:V28-C12-CLOSE-2"
"“요약문을 원문 대용으로 쓰지 않는다”라는 원칙에 관한 다음 봉투를 가져올게요. 다만 오늘의 침묵까지 같은 뜻이었다고 쓰지는 마세요.","DIEGETIC_SPOKEN","narrative/VN_DIALOGUE_GRAPH.json:V28-C12-CLOSE-3"
"1846-03의 문이 닫히기 전까지는 전달이 끝난 게 아닙니다. 누가 도스토옙스키의 첫 소설를 들었는지도 함께 남겨 주세요.","DIEGETIC_SPOKEN","narrative/VN_DIALOGUE_GRAPH.json:V28-C12-CLOSE-4"
"1846-09의 비가 봉투 모서리를 적셨다. 오늘 아침, 새 판본의 서문과 판매 목록이 다른 날짜로 인쇄됐다.","IN_WORLD_DOCUMENT","narrative/VN_DIALOGUE_GRAPH.json:V28-C13-ARRIVAL-1"
"예카테리나는 판매 목록을 서문의 의도처럼 읽지 말라고 하고 알렉세이는 활자소를 확인한다. 우선 봉인을 확인하지. 봉인은 글보다 먼저 거짓말을 하거든.","DIEGETIC_SPOKEN","narrative/VN_DIALOGUE_GRAPH.json:V28-C13-ALEXEI-1"
"봉인만 보면 편해요. 하지만 오늘은 “서문·판본·판매 목록의 생성 시점을 분리한다”라고 적힌 줄부터 물어야 해요. 누가 무엇을 보았는지요.","DIEGETIC_SPOKEN","narrative/VN_DIALOGUE_GRAPH.json:V28-C13-EKATERINA-1"
"길은 기록보다 느립니다. 1846-09의 그 봉투가 여기까지 온 시간도 내용의 일부로 남겨 두세요.","DIEGETIC_SPOKEN","narrative/VN_DIALOGUE_GRAPH.json:V28-C13-PAVEL-1"
"알렉세이, 페트라셰프스키 모임의 초기 환경의 봉인과 본문을 나눠 적겠습니다. 출발 시각을 확인해 주세요.","NATURAL_PLAYER_ACTION","narrative/VN_DIALOGUE_GRAPH.json:V28-C13-CHOICE-1"
"예카테리나, 페트라셰프스키 모임의 초기 환경에서 실제로 읽은 문장만 말해 주세요. 나머지는 추측하지 않겠습니다.","NATURAL_PLAYER_ACTION","narrative/VN_DIALOGUE_GRAPH.json:V28-C13-CHOICE-2"
"파벨, 페트라셰프스키 모임의 초기 환경의 봉투를 맡기겠습니다. 이름과 도착 시각도 적을까요?","NATURAL_PLAYER_ACTION","narrative/VN_DIALOGUE_GRAPH.json:V28-C13-CHOICE-3"
"1846-09의 봉인을 그렇게까지 칸을 나누면 일이 늦어져. 그래도 네 이름으로 남긴다면 내가 출발 시각은 찾아보지.","DIEGETIC_SPOKEN","narrative/VN_DIALOGUE_GRAPH.json:V28-C13-REACTION-1"
"그 차이를 원문으로 확인하겠다고요? 페트라셰프스키 모임의 초기 환경에서 숨긴 줄과 보여 줄 줄을 구분해 볼게요. 이제야 제대로 묻네요.","DIEGETIC_SPOKEN","narrative/VN_DIALOGUE_GRAPH.json:V28-C13-REACTION-2"
"1846-09의 그 봉투가 여기까지 온 길은 짧지 않았습니다. 이름은 봉투보다 먼저 움직이니 도착 시각부터 쓰지요.","DIEGETIC_SPOKEN","narrative/VN_DIALOGUE_GRAPH.json:V28-C13-REACTION-3"
"책상 위에서 원문과 번역을 맞춘다. “서문·판본·판매 목록의 생성 시점을 분리한다”라고 적힌 대목을 먼저 확인한다. 어떤 행동을 파일에 남길지 선택한다.","IN_WORLD_DOCUMENT","narrative/VN_DIALOGUE_GRAPH.json:V28-C13-INSPECT-1"
"“서문·판본·판매 목록의 생성 시점을 분리한다”라는 원칙을 읽고도 같은 판단을 하겠어요? 페트라셰프스키 모임의 초기 환경를 읽기 전과 읽은 뒤의 말을 구분해야 해요.","DIEGETIC_SPOKEN","narrative/VN_DIALOGUE_GRAPH.json:V28-C13-EVIDENCE-1"
"좋아. 페트라셰프스키 모임의 초기 환경에서 네가 본 것과 내가 두려워한 것을 한 줄에 섞지 않겠다.","DIEGETIC_SPOKEN","narrative/VN_DIALOGUE_GRAPH.json:V28-C13-EVIDENCE-2"
"알렉세이가 기록을 고치는 대신 여백을 남긴 일. 그 말을 다음 장부의 빈 칸에 적어 두지는 않겠지만, 나는 잊지 않겠다.","DIEGETIC_SPOKEN","narrative/VN_DIALOGUE_GRAPH.json:V28-C13-MEMORY-A"
"다음에 만났을 때 “서문·판본·판매 목록의 생성 시점을 분리한다”라는 원칙을 기억하고 있다면, 그때는 봉투를 한 겹 덜 접어도 되겠네요.","DIEGETIC_SPOKEN","narrative/VN_DIALOGUE_GRAPH.json:V28-C13-MEMORY-E"
"1846-09의 길이는 짧지 않았습니다. 누가 들었는지 묻는 사람에게는 당신이 고른 말부터 전하겠습니다.","DIEGETIC_SPOKEN","narrative/VN_DIALOGUE_GRAPH.json:V28-C13-MEMORY-P"
"오늘은 페트라셰프스키 모임의 초기 환경를 한 사람의 의도로 줄이지 않겠다고 말한다.","NATURAL_PLAYER_ACTION","narrative/VN_DIALOGUE_GRAPH.json:V28-C13-PLAYER"
"봉투의 접힌 선과 남겨 둔 이름이 다음 방문의 문턱이 된다. 예카테리나는 판매 목록을 서문의 의도처럼 읽지 말라고 하고 알렉세이는 활자소를 확인한다. 이 기록의 답은 아직 닫히지 않았다.","IN_WORLD_DOCUMENT","narrative/VN_DIALOGUE_GRAPH.json:V28-C13-AFTERMATH"
"기록을 접기 전, 알렉세이가 기록을 고치는 대신 여백을 남긴 일라는 말이 책상 위에 남았다.","IN_WORLD_DOCUMENT","narrative/VN_DIALOGUE_GRAPH.json:V28-C13-CLOSE-1"
"다음번에는 새 판본의 서문과 판매 목록이 다른 날짜로 인쇄됐다에서 네가 고른 문장을 기억하고 오겠지. 나는 1846-09의 봉인을 기억하겠다.","DIEGETIC_SPOKEN","narrative/VN_DIALOGUE_GRAPH.json:V28-C13-CLOSE-2"
"“서문·판본·판매 목록의 생성 시점을 분리한다”라는 원칙에 관한 다음 봉투를 가져올게요. 다만 오늘의 침묵까지 같은 뜻이었다고 쓰지는 마세요.","DIEGETIC_SPOKEN","narrative/VN_DIALOGUE_GRAPH.json:V28-C13-CLOSE-3"
"1846-09의 문이 닫히기 전까지는 전달이 끝난 게 아닙니다. 누가 페트라셰프스키 모임의 초기 환경를 들었는지도 함께 남겨 주세요.","DIEGETIC_SPOKEN","narrative/VN_DIALOGUE_GRAPH.json:V28-C13-CLOSE-4"
"1847-03의 비가 봉투 모서리를 적셨다. 오늘 아침, 잡지 목차에 없는 글의 소문이 인쇄소에 번졌다.","IN_WORLD_DOCUMENT","narrative/VN_DIALOGUE_GRAPH.json:V28-C15-ARRIVAL-1"
"파벨은 소문을 배달할 수 없다고 하고 예카테리나는 목차에 없는 것은 아직 책이 아니라고 한다. 우선 봉인을 확인하지. 봉인은 글보다 먼저 거짓말을 하거든.","DIEGETIC_SPOKEN","narrative/VN_DIALOGUE_GRAPH.json:V28-C15-ALEXEI-1"
"봉인만 보면 편해요. 하지만 오늘은 “소문의 존재와 글의 발행을 구분한다”라고 적힌 줄부터 물어야 해요. 누가 무엇을 보았는지요.","DIEGETIC_SPOKEN","narrative/VN_DIALOGUE_GRAPH.json:V28-C15-EKATERINA-1"
"길은 기록보다 느립니다. 1847-03의 그 봉투가 여기까지 온 시간도 내용의 일부로 남겨 두세요.","DIEGETIC_SPOKEN","narrative/VN_DIALOGUE_GRAPH.json:V28-C15-PAVEL-1"
"알렉세이, 고골의 《선집》의 봉인과 본문을 나눠 적겠습니다. 출발 시각을 확인해 주세요.","NATURAL_PLAYER_ACTION","narrative/VN_DIALOGUE_GRAPH.json:V28-C15-CHOICE-1"
"예카테리나, 고골의 《선집》에서 실제로 읽은 문장만 말해 주세요. 나머지는 추측하지 않겠습니다.","NATURAL_PLAYER_ACTION","narrative/VN_DIALOGUE_GRAPH.json:V28-C15-CHOICE-2"
"파벨, 고골의 《선집》의 봉투를 맡기겠습니다. 이름과 도착 시각도 적을까요?","NATURAL_PLAYER_ACTION","narrative/VN_DIALOGUE_GRAPH.json:V28-C15-CHOICE-3"
"1847-03의 봉인을 그렇게까지 칸을 나누면 일이 늦어져. 그래도 네 이름으로 남긴다면 내가 출발 시각은 찾아보지.","DIEGETIC_SPOKEN","narrative/VN_DIALOGUE_GRAPH.json:V28-C15-REACTION-1"
"그 차이를 원문으로 확인하겠다고요? 고골의 《선집》에서 숨긴 줄과 보여 줄 줄을 구분해 볼게요. 이제야 제대로 묻네요.","DIEGETIC_SPOKEN","narrative/VN_DIALOGUE_GRAPH.json:V28-C15-REACTION-2"
"1847-03의 그 봉투가 여기까지 온 길은 짧지 않았습니다. 이름은 봉투보다 먼저 움직이니 도착 시각부터 쓰지요.","DIEGETIC_SPOKEN","narrative/VN_DIALOGUE_GRAPH.json:V28-C15-REACTION-3"
"책상 위에서 원문과 번역을 맞춘다. “소문의 존재와 글의 발행을 구분한다”라고 적힌 대목을 먼저 확인한다. 공개 비평과 사적 편지를 같은 파일에 둘지 정한다.","IN_WORLD_DOCUMENT","narrative/VN_DIALOGUE_GRAPH.json:V28-C15-INSPECT-1"
"“소문의 존재와 글의 발행을 구분한다”라는 원칙을 읽고도 같은 판단을 하겠어요? 고골의 《선집》를 읽기 전과 읽은 뒤의 말을 구분해야 해요.","DIEGETIC_SPOKEN","narrative/VN_DIALOGUE_GRAPH.json:V28-C15-EVIDENCE-1"
"좋아. 고골의 《선집》에서 네가 본 것과 내가 두려워한 것을 한 줄에 섞지 않겠다.","DIEGETIC_SPOKEN","narrative/VN_DIALOGUE_GRAPH.json:V28-C15-EVIDENCE-2"
"파벨이 위험한 이름을 지켜 준 일. 그 말을 다음 장부의 빈 칸에 적어 두지는 않겠지만, 나는 잊지 않겠다.","DIEGETIC_SPOKEN","narrative/VN_DIALOGUE_GRAPH.json:V28-C15-MEMORY-A"
"다음에 만났을 때 “소문의 존재와 글의 발행을 구분한다”라는 원칙을 기억하고 있다면, 그때는 봉투를 한 겹 덜 접어도 되겠네요.","DIEGETIC_SPOKEN","narrative/VN_DIALOGUE_GRAPH.json:V28-C15-MEMORY-E"
"1847-03의 길이는 짧지 않았습니다. 누가 들었는지 묻는 사람에게는 당신이 고른 말부터 전하겠습니다.","DIEGETIC_SPOKEN","narrative/VN_DIALOGUE_GRAPH.json:V28-C15-MEMORY-P"
"오늘은 고골의 《선집》를 한 사람의 의도로 줄이지 않겠다고 말한다.","NATURAL_PLAYER_ACTION","narrative/VN_DIALOGUE_GRAPH.json:V28-C15-PLAYER"
"봉투의 접힌 선과 남겨 둔 이름이 다음 방문의 문턱이 된다. 파벨은 소문을 배달할 수 없다고 하고 예카테리나는 목차에 없는 것은 아직 책이 아니라고 한다. 이 기록의 답은 아직 닫히지 않았다.","IN_WORLD_DOCUMENT","narrative/VN_DIALOGUE_GRAPH.json:V28-C15-AFTERMATH"
"기록을 접기 전, 파벨이 위험한 이름을 지켜 준 일라는 말이 책상 위에 남았다.","IN_WORLD_DOCUMENT","narrative/VN_DIALOGUE_GRAPH.json:V28-C15-CLOSE-1"
"다음번에는 잡지 목차에 없는 글의 소문이 인쇄소에 번졌다에서 네가 고른 문장을 기억하고 오겠지. 나는 1847-03의 봉인을 기억하겠다.","DIEGETIC_SPOKEN","narrative/VN_DIALOGUE_GRAPH.json:V28-C15-CLOSE-2"
"“소문의 존재와 글의 발행을 구분한다”라는 원칙에 관한 다음 봉투를 가져올게요. 다만 오늘의 침묵까지 같은 뜻이었다고 쓰지는 마세요.","DIEGETIC_SPOKEN","narrative/VN_DIALOGUE_GRAPH.json:V28-C15-CLOSE-3"
"1847-03의 문이 닫히기 전까지는 전달이 끝난 게 아닙니다. 누가 고골의 《선집》를 들었는지도 함께 남겨 주세요.","DIEGETIC_SPOKEN","narrative/VN_DIALOGUE_GRAPH.json:V28-C15-CLOSE-4"
"1847-06의 비가 봉투 모서리를 적셨다. 오늘 아침, 정기간행물의 발행 공고와 독자의 항의가 같은 봉투에 들어왔다.","IN_WORLD_DOCUMENT","narrative/VN_DIALOGUE_GRAPH.json:V28-C16-ARRIVAL-1"
"예카테리나는 공고는 약속이고 항의는 반응이라고 말하며 알렉세이는 두 장의 날짜를 맞춘다. 우선 봉인을 확인하지. 봉인은 글보다 먼저 거짓말을 하거든.","DIEGETIC_SPOKEN","narrative/VN_DIALOGUE_GRAPH.json:V28-C16-ALEXEI-1"
"봉인만 보면 편해요. 하지만 오늘은 “공고와 항의를 같은 장르의 증거로 합치지 않는다”라고 적힌 줄부터 물어야 해요. 누가 무엇을 보았는지요.","DIEGETIC_SPOKEN","narrative/VN_DIALOGUE_GRAPH.json:V28-C16-EKATERINA-1"
"길은 기록보다 느립니다. 1847-06의 그 봉투가 여기까지 온 시간도 내용의 일부로 남겨 두세요.","DIEGETIC_SPOKEN","narrative/VN_DIALOGUE_GRAPH.json:V28-C16-PAVEL-1"
"알렉세이, 벨린스키와 고골의 논쟁의 봉인과 본문을 나눠 적겠습니다. 출발 시각을 확인해 주세요.","NATURAL_PLAYER_ACTION","narrative/VN_DIALOGUE_GRAPH.json:V28-C16-CHOICE-1"
"예카테리나, 벨린스키와 고골의 논쟁에서 실제로 읽은 문장만 말해 주세요. 나머지는 추측하지 않겠습니다.","NATURAL_PLAYER_ACTION","narrative/VN_DIALOGUE_GRAPH.json:V28-C16-CHOICE-2"
"파벨, 벨린스키와 고골의 논쟁의 봉투를 맡기겠습니다. 이름과 도착 시각도 적을까요?","NATURAL_PLAYER_ACTION","narrative/VN_DIALOGUE_GRAPH.json:V28-C16-CHOICE-3"
"1847-06의 봉인을 그렇게까지 칸을 나누면 일이 늦어져. 그래도 네 이름으로 남긴다면 내가 출발 시각은 찾아보지.","DIEGETIC_SPOKEN","narrative/VN_DIALOGUE_GRAPH.json:V28-C16-REACTION-1"
"그 차이를 원문으로 확인하겠다고요? 벨린스키와 고골의 논쟁에서 숨긴 줄과 보여 줄 줄을 구분해 볼게요. 이제야 제대로 묻네요.","DIEGETIC_SPOKEN","narrative/VN_DIALOGUE_GRAPH.json:V28-C16-REACTION-2"
"1847-06의 그 봉투가 여기까지 온 길은 짧지 않았습니다. 이름은 봉투보다 먼저 움직이니 도착 시각부터 쓰지요.","DIEGETIC_SPOKEN","narrative/VN_DIALOGUE_GRAPH.json:V28-C16-REACTION-3"
"책상 위에서 원문과 번역을 맞춘다. “공고와 항의를 같은 장르의 증거로 합치지 않는다”라고 적힌 대목을 먼저 확인한다. 논쟁을 개인적 불화로 축소할지 사회적 비평으로 기록할지 고른다.","IN_WORLD_DOCUMENT","narrative/VN_DIALOGUE_GRAPH.json:V28-C16-INSPECT-1"
"“공고와 항의를 같은 장르의 증거로 합치지 않는다”라는 원칙을 읽고도 같은 판단을 하겠어요? 벨린스키와 고골의 논쟁를 읽기 전과 읽은 뒤의 말을 구분해야 해요.","DIEGETIC_SPOKEN","narrative/VN_DIALOGUE_GRAPH.json:V28-C16-EVIDENCE-1"
"좋아. 벨린스키와 고골의 논쟁에서 네가 본 것과 내가 두려워한 것을 한 줄에 섞지 않겠다.","DIEGETIC_SPOKEN","narrative/VN_DIALOGUE_GRAPH.json:V28-C16-EVIDENCE-2"
"알렉세이가 내 문장 길이를 놀린 순간. 그 말을 다음 장부의 빈 칸에 적어 두지는 않겠지만, 나는 잊지 않겠다.","DIEGETIC_SPOKEN","narrative/VN_DIALOGUE_GRAPH.json:V28-C16-MEMORY-A"
"다음에 만났을 때 “공고와 항의를 같은 장르의 증거로 합치지 않는다”라는 원칙을 기억하고 있다면, 그때는 봉투를 한 겹 덜 접어도 되겠네요.","DIEGETIC_SPOKEN","narrative/VN_DIALOGUE_GRAPH.json:V28-C16-MEMORY-E"
"1847-06의 길이는 짧지 않았습니다. 누가 들었는지 묻는 사람에게는 당신이 고른 말부터 전하겠습니다.","DIEGETIC_SPOKEN","narrative/VN_DIALOGUE_GRAPH.json:V28-C16-MEMORY-P"
"오늘은 벨린스키와 고골의 논쟁를 한 사람의 의도로 줄이지 않겠다고 말한다.","NATURAL_PLAYER_ACTION","narrative/VN_DIALOGUE_GRAPH.json:V28-C16-PLAYER"
"봉투의 접힌 선과 남겨 둔 이름이 다음 방문의 문턱이 된다. 예카테리나는 공고는 약속이고 항의는 반응이라고 말하며 알렉세이는 두 장의 날짜를 맞춘다. 이 기록의 답은 아직 닫히지 않았다.","IN_WORLD_DOCUMENT","narrative/VN_DIALOGUE_GRAPH.json:V28-C16-AFTERMATH"
"기록을 접기 전, 알렉세이가 내 문장 길이를 놀린 순간라는 말이 책상 위에 남았다.","IN_WORLD_DOCUMENT","narrative/VN_DIALOGUE_GRAPH.json:V28-C16-CLOSE-1"
"다음번에는 정기간행물의 발행 공고와 독자의 항의가 같은 봉투에 들어왔다에서 네가 고른 문장을 기억하고 오겠지. 나는 1847-06의 봉인을 기억하겠다.","DIEGETIC_SPOKEN","narrative/VN_DIALOGUE_GRAPH.json:V28-C16-CLOSE-2"
"“공고와 항의를 같은 장르의 증거로 합치지 않는다”라는 원칙에 관한 다음 봉투를 가져올게요. 다만 오늘의 침묵까지 같은 뜻이었다고 쓰지는 마세요.","DIEGETIC_SPOKEN","narrative/VN_DIALOGUE_GRAPH.json:V28-C16-CLOSE-3"
"1847-06의 문이 닫히기 전까지는 전달이 끝난 게 아닙니다. 누가 벨린스키와 고골의 논쟁를 들었는지도 함께 남겨 주세요.","DIEGETIC_SPOKEN","narrative/VN_DIALOGUE_GRAPH.json:V28-C16-CLOSE-4"
"1847년 7월, 편집부로 향한 편지와 검열관의 메모가 같은 봉투에 묶여 도착했다.","IN_WORLD_DOCUMENT","narrative/VN_DIALOGUE_GRAPH.json:V29-C14-LINE-1"
"편집부가 실제로 받은 문장은 여기까지예요. 메모의 판단을 편지에 입히지는 마세요.","DIEGETIC_SPOKEN","narrative/VN_DIALOGUE_GRAPH.json:V29-C14-LINE-2"
"메모의 수신자를 먼저 확인하자. 누가 읽었는지 없으면 비판의 주인이 바뀌어.","DIEGETIC_SPOKEN","narrative/VN_DIALOGUE_GRAPH.json:V29-C14-LINE-3"
"편지는 편집부 문 앞에서 하루를 기다렸습니다. 메모는 그보다 늦게 봉투에 들어왔고요.","DIEGETIC_SPOKEN","narrative/VN_DIALOGUE_GRAPH.json:V29-C14-LINE-4"
"편지의 비판과 행정 메모의 판단을 서로 다른 화자의 말로 둔다.","NATURAL_PLAYER_ACTION","narrative/VN_DIALOGUE_GRAPH.json:V29-C14-LINE-5"
"그렇게 기록하면 내가 받은 문장을 내가 말한 것처럼 바꾸지 않을 수 있어요.","DIEGETIC_SPOKEN","narrative/VN_DIALOGUE_GRAPH.json:V29-C14-LINE-6"
"수신자와 열람 시점을 확인하기 전에는 접촉망을 넓혀 쓰지 않는다.","NATURAL_PLAYER_ACTION","narrative/VN_DIALOGUE_GRAPH.json:V29-C14-LINE-7"
"처음으로 네 질문을 장부보다 먼저 믿어 보겠어. 수신자를 찾지 못하면 못 찾았다고 쓰지.","DIEGETIC_SPOKEN","narrative/VN_DIALOGUE_GRAPH.json:V29-C14-LINE-8"
"편지의 수신인 칸과 메모의 결재 칸을 따로 펼쳤다.","IN_WORLD_DOCUMENT","narrative/VN_DIALOGUE_GRAPH.json:V29-C14-LINE-9"
"내 메모가 편지의 목소리를 덮을 뻔했군. 두 문서는 같은 봉투에 있었을 뿐이야.","DIEGETIC_SPOKEN","narrative/VN_DIALOGUE_GRAPH.json:V29-C14-LINE-10"
"당신이 그걸 인정하면, 나는 편집부가 실제로 읽은 줄을 말할 수 있어요.","DIEGETIC_SPOKEN","narrative/VN_DIALOGUE_GRAPH.json:V29-C14-LINE-11"
"봉투를 다시 보낼 때는 편지와 메모의 경로를 나눠 적겠습니다.","DIEGETIC_SPOKEN","narrative/VN_DIALOGUE_GRAPH.json:V29-C14-LINE-12"
"편지는 편집부로, 메모는 관청 기록으로 돌아가게 한다.","NATURAL_PLAYER_ACTION","narrative/VN_DIALOGUE_GRAPH.json:V29-C14-LINE-13"
"두 길이 다시 만날 수도 있지만, 지금은 각각의 길을 기억해야 해요.","DIEGETIC_SPOKEN","narrative/VN_DIALOGUE_GRAPH.json:V29-C14-LINE-14"
"오늘은 내 봉인이 접촉을 만들지 않았다는 점도 적어 두자.","DIEGETIC_SPOKEN","narrative/VN_DIALOGUE_GRAPH.json:V29-C14-LINE-15"
"첫 협력은 같은 결론이 아니라 서로의 접근권을 넘지 않는 데서 시작됐다.","IN_WORLD_DOCUMENT","narrative/VN_DIALOGUE_GRAPH.json:V29-C14-LINE-16"
"편지와 검열 메모의 수신·결재 칸을 공식 장부에 나누어 적는다.","NATURAL_PLAYER_ACTION","narrative/VN_DIALOGUE_GRAPH.json:V28-C14-CHOICE-1"
"편집부가 실제로 받은 문장만 예카테리나와 함께 대조한다.","NATURAL_PLAYER_ACTION","narrative/VN_DIALOGUE_GRAPH.json:V28-C14-CHOICE-2"
"편지와 메모를 다른 전달 경로로 되돌리고 시간을 기록한다.","NATURAL_PLAYER_ACTION","narrative/VN_DIALOGUE_GRAPH.json:V28-C14-CHOICE-3"
"수신자와 결재 시점을 따로 적겠어. 같은 봉투가 같은 목소리를 만들진 않으니까.","DIEGETIC_SPOKEN","narrative/VN_DIALOGUE_GRAPH.json:V28-C14-REACTION-1"
"내가 받은 문장부터 다시 읽어요. 메모가 그 문장을 대신 말하게 두지 말고요.","DIEGETIC_SPOKEN","narrative/VN_DIALOGUE_GRAPH.json:V28-C14-REACTION-2"
"두 종이를 나눠 보내겠습니다. 늦게 들어온 말이 먼저 도착한 척하지 않게요.","DIEGETIC_SPOKEN","narrative/VN_DIALOGUE_GRAPH.json:V28-C14-REACTION-3"
"《현대인》의 개편의 원문과 한국어 번역을 나란히 펼쳐, 서로 다른 문서의 목소리를 확인한다.","IN_WORLD_DOCUMENT","narrative/VN_DIALOGUE_GRAPH.json:V29-C14-INSPECT"
"편집부가 받은 편지와 뒤늦게 들어온 검열 메모가 한 서랍에서 나왔다.","IN_WORLD_DOCUMENT","narrative/VN_DIALOGUE_GRAPH.json:V31-C14-INTRO-1"
"편집부가 실제로 받은 문장은 여기까지예요. 메모의 판단을 편지에 입히지는 마세요.","DIEGETIC_SPOKEN","narrative/VN_DIALOGUE_GRAPH.json:V31-C14-INTRO-2"
"수신자를 먼저 찾자. 누가 읽었는지 모르면 비판의 주인을 내가 바꾸게 돼.","DIEGETIC_SPOKEN","narrative/VN_DIALOGUE_GRAPH.json:V31-C14-INTRO-3"
"편지는 문 앞에서 하루를 기다렸고 메모는 그 뒤에 왔습니다. 같은 봉투였다는 이유로 시간을 합치지 마요.","DIEGETIC_SPOKEN","narrative/VN_DIALOGUE_GRAPH.json:V31-C14-INTRO-4"
"1847년 7월, 금지·회수 공문과 판매 광고가 서로 다른 날짜로 책상에 도착했다.","IN_WORLD_DOCUMENT","narrative/VN_DIALOGUE_GRAPH.json:V29-C17-LINE-1"
"공문은 명령이야. 광고가 남아 있다는 사실이 명령을 없애지는 않아.","DIEGETIC_SPOKEN","narrative/VN_DIALOGUE_GRAPH.json:V29-C17-LINE-2"
"물론이죠. 하지만 광고를 지우면 실제로 무엇이 보였는지도 같이 지워져요.","DIEGETIC_SPOKEN","narrative/VN_DIALOGUE_GRAPH.json:V29-C17-LINE-3"
"나는 광고가 실린 호를 이틀 늦게 받았습니다. 늦었다는 사실도 집행의 일부입니다.","DIEGETIC_SPOKEN","narrative/VN_DIALOGUE_GRAPH.json:V29-C17-LINE-4"
"결정, 집행 지시, 판매 흔적을 세 문서로 나누자고 제안한다.","NATURAL_PLAYER_ACTION","narrative/VN_DIALOGUE_GRAPH.json:V29-C17-LINE-5"
"세 칸이면 상급자는 귀찮아하겠지. 그래도 한 칸으로 만들면 더 큰 거짓말이 돼.","DIEGETIC_SPOKEN","narrative/VN_DIALOGUE_GRAPH.json:V29-C17-LINE-6"
"광고를 보았다는 사실과 누가 읽었는지는 구별해서 적겠습니다.","NATURAL_PLAYER_ACTION","narrative/VN_DIALOGUE_GRAPH.json:V29-C17-LINE-7"
"좋아요. 내 이름을 광고의 증인처럼 쓰지 않는다면, 나는 호수와 페이지를 알려 줄 수 있어요.","DIEGETIC_SPOKEN","narrative/VN_DIALOGUE_GRAPH.json:V29-C17-LINE-8"
"공문의 명령문, 회수 지시, 실제 판매 광고를 각각 펼쳤다.","IN_WORLD_DOCUMENT","narrative/VN_DIALOGUE_GRAPH.json:V29-C17-LINE-9"
"명령은 분명하지만, 집행 결과까지 말해 주지는 않는군.","DIEGETIC_SPOKEN","narrative/VN_DIALOGUE_GRAPH.json:V29-C17-LINE-10"
"그리고 광고는 저항의 선언도 아니에요. 그저 그 날짜에 그 지면이 남아 있었다는 증거죠.","DIEGETIC_SPOKEN","narrative/VN_DIALOGUE_GRAPH.json:V29-C17-LINE-11"
"누가 어느 우편소에서 그 호를 받았는지까지는 내가 책임지고 적겠습니다.","DIEGETIC_SPOKEN","narrative/VN_DIALOGUE_GRAPH.json:V29-C17-LINE-12"
"집행이 끝났다고 추정하지 않고, 확인된 수신만 봉인한다.","NATURAL_PLAYER_ACTION","narrative/VN_DIALOGUE_GRAPH.json:V29-C17-LINE-13"
"네가 멈추자 내가 서두르고 있었다는 게 보이는군.","DIEGETIC_SPOKEN","narrative/VN_DIALOGUE_GRAPH.json:V29-C17-LINE-14"
"지난번의 빈자리보다 이번엔 더 위험한 이름이 있어요. 아직 적지 않을게요.","DIEGETIC_SPOKEN","narrative/VN_DIALOGUE_GRAPH.json:V29-C17-LINE-15"
"오늘의 봉투는 내가 맡겠습니다. 다음에 돌려받을 때 열어 본 사람을 말하죠.","DIEGETIC_SPOKEN","narrative/VN_DIALOGUE_GRAPH.json:V29-C17-LINE-16"
"결정과 흔적 사이의 거리가 다음 겨울까지 남았다.","IN_WORLD_DOCUMENT","narrative/VN_DIALOGUE_GRAPH.json:V29-C17-LINE-17"
"이번에는 규정 뒤에 숨지 않겠다. 다만 네 이름도 나와 함께 쓰지는 말자.","DIEGETIC_SPOKEN","narrative/VN_DIALOGUE_GRAPH.json:V29-C17-LINE-18"
"공문을 상신하고 광고는 관찰 기록으로만 남긴다.","NATURAL_PLAYER_ACTION","narrative/VN_DIALOGUE_GRAPH.json:V28-C17-CHOICE-1"
"광고의 호수와 페이지를 먼저 예카테리나에게 확인한다.","NATURAL_PLAYER_ACTION","narrative/VN_DIALOGUE_GRAPH.json:V28-C17-CHOICE-2"
"봉인을 보류하고 파벨에게 실제 전달 경로를 맡긴다.","NATURAL_PLAYER_ACTION","narrative/VN_DIALOGUE_GRAPH.json:V28-C17-CHOICE-3"
"공문은 공문으로 올리겠어. 광고가 남은 사실까지 명령의 일부라고 쓰진 않지.","DIEGETIC_SPOKEN","narrative/VN_DIALOGUE_GRAPH.json:V28-C17-REACTION-1"
"내가 본 광고의 위치를 먼저 확인해요. 내가 증인이 된 것처럼 이름을 쓰지는 말고요.","DIEGETIC_SPOKEN","narrative/VN_DIALOGUE_GRAPH.json:V28-C17-REACTION-2"
"어느 날 어디에 도착했는지부터 남기겠습니다. 명령이 곧 집행이었다고 넘겨짚지 않지요.","DIEGETIC_SPOKEN","narrative/VN_DIALOGUE_GRAPH.json:V28-C17-REACTION-3"
"셰우첸코·쿨리시·코스토마로프 관련 검열의 원문과 한국어 번역을 나란히 펼쳐, 서로 다른 문서의 목소리를 확인한다.","IN_WORLD_DOCUMENT","narrative/VN_DIALOGUE_GRAPH.json:V29-C17-INSPECT"
"광고가 실린 잡지와 광고 금지 공문이 같은 책상에 놓였다.","IN_WORLD_DOCUMENT","narrative/VN_DIALOGUE_GRAPH.json:V31-C17-INTRO-1"
"공문은 명령이야. 그렇다고 광고가 남아 있었다는 사실까지 지워지는 건 아니지.","DIEGETIC_SPOKEN","narrative/VN_DIALOGUE_GRAPH.json:V31-C17-INTRO-2"
"광고를 지우면 누가 실제로 무엇을 보았는지도 사라져요. 결정과 집행을 갈라 봐요.","DIEGETIC_SPOKEN","narrative/VN_DIALOGUE_GRAPH.json:V31-C17-INTRO-3"
"나는 그 호를 이틀 늦게 받았습니다. 늦었다는 사실도 집행의 한 부분입니다.","DIEGETIC_SPOKEN","narrative/VN_DIALOGUE_GRAPH.json:V31-C17-INTRO-4"
"1847-12의 비가 봉투 모서리를 적셨다. 오늘 아침, 벨린스키의 안네코프 서신과 정기간행물 공고가 연달아 왔다.","IN_WORLD_DOCUMENT","narrative/VN_DIALOGUE_GRAPH.json:V28-C18-ARRIVAL-1"
"예카테리나는 서신의 사적 분노를 공적 발행 계획과 섞지 말라고 하고 파벨은 겨울 우편의 시간을 계산한다. 우선 봉인을 확인하지. 봉인은 글보다 먼저 거짓말을 하거든.","DIEGETIC_SPOKEN","narrative/VN_DIALOGUE_GRAPH.json:V28-C18-ALEXEI-1"
"봉인만 보면 편해요. 하지만 오늘은 “받는 사람이 다른 두 문서의 전달 경로를 분리한다”라고 적힌 줄부터 물어야 해요. 누가 무엇을 보았는지요.","DIEGETIC_SPOKEN","narrative/VN_DIALOGUE_GRAPH.json:V28-C18-EKATERINA-1"
"길은 기록보다 느립니다. 1847-12의 그 봉투가 여기까지 온 시간도 내용의 일부로 남겨 두세요.","DIEGETIC_SPOKEN","narrative/VN_DIALOGUE_GRAPH.json:V28-C18-PAVEL-1"
"알렉세이, 《현대인》에 대한 슬라브파의 반응의 봉인과 본문을 나눠 적겠습니다. 출발 시각을 확인해 주세요.","NATURAL_PLAYER_ACTION","narrative/VN_DIALOGUE_GRAPH.json:V28-C18-CHOICE-1"
"예카테리나, 《현대인》에 대한 슬라브파의 반응에서 실제로 읽은 문장만 말해 주세요. 나머지는 추측하지 않겠습니다.","NATURAL_PLAYER_ACTION","narrative/VN_DIALOGUE_GRAPH.json:V28-C18-CHOICE-2"
"파벨, 《현대인》에 대한 슬라브파의 반응의 봉투를 맡기겠습니다. 이름과 도착 시각도 적을까요?","NATURAL_PLAYER_ACTION","narrative/VN_DIALOGUE_GRAPH.json:V28-C18-CHOICE-3"
"1847-12의 봉인을 그렇게까지 칸을 나누면 일이 늦어져. 그래도 네 이름으로 남긴다면 내가 출발 시각은 찾아보지.","DIEGETIC_SPOKEN","narrative/VN_DIALOGUE_GRAPH.json:V28-C18-REACTION-1"
"그 차이를 원문으로 확인하겠다고요? 《현대인》에 대한 슬라브파의 반응에서 숨긴 줄과 보여 줄 줄을 구분해 볼게요. 이제야 제대로 묻네요.","DIEGETIC_SPOKEN","narrative/VN_DIALOGUE_GRAPH.json:V28-C18-REACTION-2"
"1847-12의 그 봉투가 여기까지 온 길은 짧지 않았습니다. 이름은 봉투보다 먼저 움직이니 도착 시각부터 쓰지요.","DIEGETIC_SPOKEN","narrative/VN_DIALOGUE_GRAPH.json:V28-C18-REACTION-3"
"책상 위에서 원문과 번역을 맞춘다. “받는 사람이 다른 두 문서의 전달 경로를 분리한다”라고 적힌 대목을 먼저 확인한다. 두 편집 방향을 한 지면에 병치할지 정한다.","IN_WORLD_DOCUMENT","narrative/VN_DIALOGUE_GRAPH.json:V28-C18-INSPECT-1"
"“받는 사람이 다른 두 문서의 전달 경로를 분리한다”라는 원칙을 읽고도 같은 판단을 하겠어요? 《현대인》에 대한 슬라브파의 반응를 읽기 전과 읽은 뒤의 말을 구분해야 해요.","DIEGETIC_SPOKEN","narrative/VN_DIALOGUE_GRAPH.json:V28-C18-EVIDENCE-1"
"좋아. 《현대인》에 대한 슬라브파의 반응에서 네가 본 것과 내가 두려워한 것을 한 줄에 섞지 않겠다.","DIEGETIC_SPOKEN","narrative/VN_DIALOGUE_GRAPH.json:V28-C18-EVIDENCE-2"
"예카테리나가 봉투를 숨긴 이유를 털어놓은 순간. 그 말을 다음 장부의 빈 칸에 적어 두지는 않겠지만, 나는 잊지 않겠다.","DIEGETIC_SPOKEN","narrative/VN_DIALOGUE_GRAPH.json:V28-C18-MEMORY-A"
"다음에 만났을 때 “받는 사람이 다른 두 문서의 전달 경로를 분리한다”라는 원칙을 기억하고 있다면, 그때는 봉투를 한 겹 덜 접어도 되겠네요.","DIEGETIC_SPOKEN","narrative/VN_DIALOGUE_GRAPH.json:V28-C18-MEMORY-E"
"1847-12의 길이는 짧지 않았습니다. 누가 들었는지 묻는 사람에게는 당신이 고른 말부터 전하겠습니다.","DIEGETIC_SPOKEN","narrative/VN_DIALOGUE_GRAPH.json:V28-C18-MEMORY-P"
"오늘은 《현대인》에 대한 슬라브파의 반응를 한 사람의 의도로 줄이지 않겠다고 말한다.","NATURAL_PLAYER_ACTION","narrative/VN_DIALOGUE_GRAPH.json:V28-C18-PLAYER"
"봉투의 접힌 선과 남겨 둔 이름이 다음 방문의 문턱이 된다. 예카테리나는 서신의 사적 분노를 공적 발행 계획과 섞지 말라고 하고 파벨은 겨울 우편의 시간을 계산한다. 이 기록의 답은 아직 닫히지 않았다.","IN_WORLD_DOCUMENT","narrative/VN_DIALOGUE_GRAPH.json:V28-C18-AFTERMATH"
"기록을 접기 전, 예카테리나가 봉투를 숨긴 이유를 털어놓은 순간라는 말이 책상 위에 남았다.","IN_WORLD_DOCUMENT","narrative/VN_DIALOGUE_GRAPH.json:V28-C18-CLOSE-1"
"다음번에는 벨린스키의 안네코프 서신과 정기간행물 공고가 연달아 왔다에서 네가 고른 문장을 기억하고 오겠지. 나는 1847-12의 봉인을 기억하겠다.","DIEGETIC_SPOKEN","narrative/VN_DIALOGUE_GRAPH.json:V28-C18-CLOSE-2"
"“받는 사람이 다른 두 문서의 전달 경로를 분리한다”라는 원칙에 관한 다음 봉투를 가져올게요. 다만 오늘의 침묵까지 같은 뜻이었다고 쓰지는 마세요.","DIEGETIC_SPOKEN","narrative/VN_DIALOGUE_GRAPH.json:V28-C18-CLOSE-3"
"1847-12의 문이 닫히기 전까지는 전달이 끝난 게 아닙니다. 누가 《현대인》에 대한 슬라브파의 반응를 들었는지도 함께 남겨 주세요.","DIEGETIC_SPOKEN","narrative/VN_DIALOGUE_GRAPH.json:V28-C18-CLOSE-4"
"1848-04의 비가 봉투 모서리를 적셨다. 오늘 아침, 혁명 소식의 번역 공고와 러시아 잡지의 편집 계획이 겹쳤다.","IN_WORLD_DOCUMENT","narrative/VN_DIALOGUE_GRAPH.json:V28-C20-ARRIVAL-1"
"파벨은 국경을 넘은 소식의 경로를 말하고 예카테리나는 편집 계획이 곧 정치 논평은 아니라고 한다. 우선 봉인을 확인하지. 봉인은 글보다 먼저 거짓말을 하거든.","DIEGETIC_SPOKEN","narrative/VN_DIALOGUE_GRAPH.json:V28-C20-ALEXEI-1"
"봉인만 보면 편해요. 하지만 오늘은 “외국 소식의 도착과 국내 편집 결정을 따로 기록한다”라고 적힌 줄부터 물어야 해요. 누가 무엇을 보았는지요.","DIEGETIC_SPOKEN","narrative/VN_DIALOGUE_GRAPH.json:V28-C20-EKATERINA-1"
"길은 기록보다 느립니다. 1848-04의 그 봉투가 여기까지 온 시간도 내용의 일부로 남겨 두세요.","DIEGETIC_SPOKEN","narrative/VN_DIALOGUE_GRAPH.json:V28-C20-PAVEL-1"
"알렉세이, 유럽 혁명과 언론 제한의 봉인과 본문을 나눠 적겠습니다. 출발 시각을 확인해 주세요.","NATURAL_PLAYER_ACTION","narrative/VN_DIALOGUE_GRAPH.json:V28-C20-CHOICE-1"
"예카테리나, 유럽 혁명과 언론 제한에서 실제로 읽은 문장만 말해 주세요. 나머지는 추측하지 않겠습니다.","NATURAL_PLAYER_ACTION","narrative/VN_DIALOGUE_GRAPH.json:V28-C20-CHOICE-2"
"파벨, 유럽 혁명과 언론 제한의 봉투를 맡기겠습니다. 이름과 도착 시각도 적을까요?","NATURAL_PLAYER_ACTION","narrative/VN_DIALOGUE_GRAPH.json:V28-C20-CHOICE-3"
"1848-04의 봉인을 그렇게까지 칸을 나누면 일이 늦어져. 그래도 네 이름으로 남긴다면 내가 출발 시각은 찾아보지.","DIEGETIC_SPOKEN","narrative/VN_DIALOGUE_GRAPH.json:V28-C20-REACTION-1"
"그 차이를 원문으로 확인하겠다고요? 유럽 혁명과 언론 제한에서 숨긴 줄과 보여 줄 줄을 구분해 볼게요. 이제야 제대로 묻네요.","DIEGETIC_SPOKEN","narrative/VN_DIALOGUE_GRAPH.json:V28-C20-REACTION-2"
"1848-04의 그 봉투가 여기까지 온 길은 짧지 않았습니다. 이름은 봉투보다 먼저 움직이니 도착 시각부터 쓰지요.","DIEGETIC_SPOKEN","narrative/VN_DIALOGUE_GRAPH.json:V28-C20-REACTION-3"
"책상 위에서 원문과 번역을 맞춘다. “외국 소식의 도착과 국내 편집 결정을 따로 기록한다”라고 적힌 대목을 먼저 확인한다. 제한 조치를 임시·상시 중 무엇으로 기록할지 정한다.","IN_WORLD_DOCUMENT","narrative/VN_DIALOGUE_GRAPH.json:V28-C20-INSPECT-1"
"“외국 소식의 도착과 국내 편집 결정을 따로 기록한다”라는 원칙을 읽고도 같은 판단을 하겠어요? 유럽 혁명과 언론 제한를 읽기 전과 읽은 뒤의 말을 구분해야 해요.","DIEGETIC_SPOKEN","narrative/VN_DIALOGUE_GRAPH.json:V28-C20-EVIDENCE-1"
"좋아. 유럽 혁명과 언론 제한에서 네가 본 것과 내가 두려워한 것을 한 줄에 섞지 않겠다.","DIEGETIC_SPOKEN","narrative/VN_DIALOGUE_GRAPH.json:V28-C20-EVIDENCE-2"
"파벨이 전달을 거절한 이유를 설명한 순간. 그 말을 다음 장부의 빈 칸에 적어 두지는 않겠지만, 나는 잊지 않겠다.","DIEGETIC_SPOKEN","narrative/VN_DIALOGUE_GRAPH.json:V28-C20-MEMORY-A"
"다음에 만났을 때 “외국 소식의 도착과 국내 편집 결정을 따로 기록한다”라는 원칙을 기억하고 있다면, 그때는 봉투를 한 겹 덜 접어도 되겠네요.","DIEGETIC_SPOKEN","narrative/VN_DIALOGUE_GRAPH.json:V28-C20-MEMORY-E"
"1848-04의 길이는 짧지 않았습니다. 누가 들었는지 묻는 사람에게는 당신이 고른 말부터 전하겠습니다.","DIEGETIC_SPOKEN","narrative/VN_DIALOGUE_GRAPH.json:V28-C20-MEMORY-P"
"오늘은 유럽 혁명과 언론 제한를 한 사람의 의도로 줄이지 않겠다고 말한다.","NATURAL_PLAYER_ACTION","narrative/VN_DIALOGUE_GRAPH.json:V28-C20-PLAYER"
"봉투의 접힌 선과 남겨 둔 이름이 다음 방문의 문턱이 된다. 파벨은 국경을 넘은 소식의 경로를 말하고 예카테리나는 편집 계획이 곧 정치 논평은 아니라고 한다. 이 기록의 답은 아직 닫히지 않았다.","IN_WORLD_DOCUMENT","narrative/VN_DIALOGUE_GRAPH.json:V28-C20-AFTERMATH"
"기록을 접기 전, 파벨이 전달을 거절한 이유를 설명한 순간라는 말이 책상 위에 남았다.","IN_WORLD_DOCUMENT","narrative/VN_DIALOGUE_GRAPH.json:V28-C20-CLOSE-1"
"다음번에는 혁명 소식의 번역 공고와 러시아 잡지의 편집 계획이 겹쳤다에서 네가 고른 문장을 기억하고 오겠지. 나는 1848-04의 봉인을 기억하겠다.","DIEGETIC_SPOKEN","narrative/VN_DIALOGUE_GRAPH.json:V28-C20-CLOSE-2"
"“외국 소식의 도착과 국내 편집 결정을 따로 기록한다”라는 원칙에 관한 다음 봉투를 가져올게요. 다만 오늘의 침묵까지 같은 뜻이었다고 쓰지는 마세요.","DIEGETIC_SPOKEN","narrative/VN_DIALOGUE_GRAPH.json:V28-C20-CLOSE-3"
"1848-04의 문이 닫히기 전까지는 전달이 끝난 게 아닙니다. 누가 유럽 혁명과 언론 제한를 들었는지도 함께 남겨 주세요.","DIEGETIC_SPOKEN","narrative/VN_DIALOGUE_GRAPH.json:V28-C20-CLOSE-4"
"1848년 10월, 1849년 《현대인》 발행 계획 공고와 삽화 연감의 판매 문구가 나란히 도착했다.","IN_WORLD_DOCUMENT","narrative/VN_DIALOGUE_GRAPH.json:V29-C21-LINE-1"
"공고의 발신자와 삽화의 목소리는 달라요. 판매 문구가 저자의 말인 척하면 안 됩니다.","DIEGETIC_SPOKEN","narrative/VN_DIALOGUE_GRAPH.json:V29-C21-LINE-2"
"저자명과 발행인명을 먼저 확인하자. 판매자가 누구인지까지 같은 칸에 넣지는 말고.","DIEGETIC_SPOKEN","narrative/VN_DIALOGUE_GRAPH.json:V29-C21-LINE-3"
"연감은 인쇄소에서 두 번 포장됐습니다. 공고는 편집부 봉투 하나로 왔고요.","DIEGETIC_SPOKEN","narrative/VN_DIALOGUE_GRAPH.json:V29-C21-LINE-4"
"저자·발행인·판매자의 위치를 세 가지 기록으로 남긴다.","NATURAL_PLAYER_ACTION","narrative/VN_DIALOGUE_GRAPH.json:V29-C21-LINE-5"
"그렇게 나누면 내가 알고 있는 인쇄소의 이름도 과장되지 않아요.","DIEGETIC_SPOKEN","narrative/VN_DIALOGUE_GRAPH.json:V29-C21-LINE-6"
"공고와 판매 문구를 같은 사람의 의도로 해석하지 않는다.","NATURAL_PLAYER_ACTION","narrative/VN_DIALOGUE_GRAPH.json:V29-C21-LINE-7"
"장부에 세 칸을 만들면 상급자가 묻겠지만, 한 칸이면 내가 대신 답해야 해.","DIEGETIC_SPOKEN","narrative/VN_DIALOGUE_GRAPH.json:V29-C21-LINE-8"
"공고의 저자명, 연감의 발행인, 판매 문구의 상점을 각각 표시했다.","IN_WORLD_DOCUMENT","narrative/VN_DIALOGUE_GRAPH.json:V29-C21-LINE-9"
"발행인이 같다고 판매자의 말까지 같아지는 건 아니군. 오늘은 이름 사이의 거리를 남기자.","DIEGETIC_SPOKEN","narrative/VN_DIALOGUE_GRAPH.json:V29-C21-LINE-10"
"내가 실제 봉투를 맡길 수 있는 것도 이 구분 덕분이에요. 누구에게 무엇을 맡기는지 아니까요.","DIEGETIC_SPOKEN","narrative/VN_DIALOGUE_GRAPH.json:V29-C21-LINE-11"
"세 기록을 한꺼번에 보내지 않고, 수신자가 볼 범위를 나눠 두겠습니다.","DIEGETIC_SPOKEN","narrative/VN_DIALOGUE_GRAPH.json:V29-C21-LINE-12"
"공고는 편집부로, 판매 문구는 별도 자료철로 보내고 전달 경로를 기록한다.","NATURAL_PLAYER_ACTION","narrative/VN_DIALOGUE_GRAPH.json:V29-C21-LINE-13"
"이제야 실제 봉투를 맡길 수 있겠어요. 이름을 늘리지 않고도 길을 만들었으니까.","DIEGETIC_SPOKEN","narrative/VN_DIALOGUE_GRAPH.json:V29-C21-LINE-14"
"나는 오늘 저자·발행인·판매자를 한 사람으로 만들 뻔했어. 그 실수도 적어 두자.","DIEGETIC_SPOKEN","narrative/VN_DIALOGUE_GRAPH.json:V29-C21-LINE-15"
"세 사람의 위치는 연결됐지만 하나의 목소리로 합쳐지지 않았다.","IN_WORLD_DOCUMENT","narrative/VN_DIALOGUE_GRAPH.json:V29-C21-LINE-16"
"저자·발행인·판매자의 이름과 역할을 공식 장부에서 나눈다.","NATURAL_PLAYER_ACTION","narrative/VN_DIALOGUE_GRAPH.json:V28-C21-CHOICE-1"
"공고와 판매 문구를 서로 다른 사람의 말로 확인한다.","NATURAL_PLAYER_ACTION","narrative/VN_DIALOGUE_GRAPH.json:V28-C21-CHOICE-2"
"공고와 판매 문구를 다른 수신자에게 보내 열람 경로를 공개한다.","NATURAL_PLAYER_ACTION","narrative/VN_DIALOGUE_GRAPH.json:V28-C21-CHOICE-3"
"이름이 같아 보여도 역할은 다르지. 세 칸으로 나눠 적겠어.","DIEGETIC_SPOKEN","narrative/VN_DIALOGUE_GRAPH.json:V28-C21-REACTION-1"
"공고와 판매 문구를 함께 읽되, 어느 입에서 나온 말인지는 놓치지 말아요.","DIEGETIC_SPOKEN","narrative/VN_DIALOGUE_GRAPH.json:V28-C21-REACTION-2"
"다른 사람이 각각 받게 하겠습니다. 한 사람의 설명이 두 문서를 덮지 않도록요.","DIEGETIC_SPOKEN","narrative/VN_DIALOGUE_GRAPH.json:V28-C21-REACTION-3"
"4월 위원회와 검열 강화의 원문과 한국어 번역을 나란히 펼쳐, 서로 다른 문서의 목소리를 확인한다.","IN_WORLD_DOCUMENT","narrative/VN_DIALOGUE_GRAPH.json:V29-C21-INSPECT"
"1848년 말, 연감의 편집 공고와 판매 문구가 다른 손으로 들어왔다.","IN_WORLD_DOCUMENT","narrative/VN_DIALOGUE_GRAPH.json:V31-C21-INTRO-1"
"공고의 발신자와 삽화의 목소리는 달라요. 판매 문구가 저자의 말인 척하면 안 됩니다.","DIEGETIC_SPOKEN","narrative/VN_DIALOGUE_GRAPH.json:V31-C21-INTRO-2"
"저자와 발행인을 먼저 확인하자. 판매자의 말까지 같은 칸에 넣지는 말고.","DIEGETIC_SPOKEN","narrative/VN_DIALOGUE_GRAPH.json:V31-C21-INTRO-3"
"연감은 두 번 포장됐고 공고는 편집부 봉투 하나로 왔습니다. 도착한 모양부터 달라요.","DIEGETIC_SPOKEN","narrative/VN_DIALOGUE_GRAPH.json:V31-C21-INTRO-4"
"1848-12의 비가 봉투 모서리를 적셨다. 오늘 아침, 후속 검열 회신이 최초 접수 기록보다 늦게 도착했다.","IN_WORLD_DOCUMENT","narrative/VN_DIALOGUE_GRAPH.json:V28-C22-ARRIVAL-1"
"알렉세이는 늦은 회신을 처음 판단의 근거로 쓰려 하고 파벨은 도착 전에는 아무도 읽지 못했다고 한다. 우선 봉인을 확인하지. 봉인은 글보다 먼저 거짓말을 하거든.","DIEGETIC_SPOKEN","narrative/VN_DIALOGUE_GRAPH.json:V28-C22-ALEXEI-1"
"봉인만 보면 편해요. 하지만 오늘은 “접수 시점과 열람 시점을 분리한다”라고 적힌 줄부터 물어야 해요. 누가 무엇을 보았는지요.","DIEGETIC_SPOKEN","narrative/VN_DIALOGUE_GRAPH.json:V28-C22-EKATERINA-1"
"길은 기록보다 느립니다. 1848-12의 그 봉투가 여기까지 온 시간도 내용의 일부로 남겨 두세요.","DIEGETIC_SPOKEN","narrative/VN_DIALOGUE_GRAPH.json:V28-C22-PAVEL-1"
"알렉세이, 1848년 잡지 지면의 변화의 봉인과 본문을 나눠 적겠습니다. 출발 시각을 확인해 주세요.","NATURAL_PLAYER_ACTION","narrative/VN_DIALOGUE_GRAPH.json:V28-C22-CHOICE-1"
"예카테리나, 1848년 잡지 지면의 변화에서 실제로 읽은 문장만 말해 주세요. 나머지는 추측하지 않겠습니다.","NATURAL_PLAYER_ACTION","narrative/VN_DIALOGUE_GRAPH.json:V28-C22-CHOICE-2"
"파벨, 1848년 잡지 지면의 변화의 봉투를 맡기겠습니다. 이름과 도착 시각도 적을까요?","NATURAL_PLAYER_ACTION","narrative/VN_DIALOGUE_GRAPH.json:V28-C22-CHOICE-3"
"1848-12의 봉인을 그렇게까지 칸을 나누면 일이 늦어져. 그래도 네 이름으로 남긴다면 내가 출발 시각은 찾아보지.","DIEGETIC_SPOKEN","narrative/VN_DIALOGUE_GRAPH.json:V28-C22-REACTION-1"
"그 차이를 원문으로 확인하겠다고요? 1848년 잡지 지면의 변화에서 숨긴 줄과 보여 줄 줄을 구분해 볼게요. 이제야 제대로 묻네요.","DIEGETIC_SPOKEN","narrative/VN_DIALOGUE_GRAPH.json:V28-C22-REACTION-2"
"1848-12의 그 봉투가 여기까지 온 길은 짧지 않았습니다. 이름은 봉투보다 먼저 움직이니 도착 시각부터 쓰지요.","DIEGETIC_SPOKEN","narrative/VN_DIALOGUE_GRAPH.json:V28-C22-REACTION-3"
"책상 위에서 원문과 번역을 맞춘다. “접수 시점과 열람 시점을 분리한다”라고 적힌 대목을 먼저 확인한다. 무엇이 사라졌는지까지 편집 기록에 남길지 고른다.","IN_WORLD_DOCUMENT","narrative/VN_DIALOGUE_GRAPH.json:V28-C22-INSPECT-1"
"“접수 시점과 열람 시점을 분리한다”라는 원칙을 읽고도 같은 판단을 하겠어요? 1848년 잡지 지면의 변화를 읽기 전과 읽은 뒤의 말을 구분해야 해요.","DIEGETIC_SPOKEN","narrative/VN_DIALOGUE_GRAPH.json:V28-C22-EVIDENCE-1"
"좋아. 1848년 잡지 지면의 변화에서 네가 본 것과 내가 두려워한 것을 한 줄에 섞지 않겠다.","DIEGETIC_SPOKEN","narrative/VN_DIALOGUE_GRAPH.json:V28-C22-EVIDENCE-2"
"알렉세이가 자신의 실수를 인정한 순간. 그 말을 다음 장부의 빈 칸에 적어 두지는 않겠지만, 나는 잊지 않겠다.","DIEGETIC_SPOKEN","narrative/VN_DIALOGUE_GRAPH.json:V28-C22-MEMORY-A"
"다음에 만났을 때 “접수 시점과 열람 시점을 분리한다”라는 원칙을 기억하고 있다면, 그때는 봉투를 한 겹 덜 접어도 되겠네요.","DIEGETIC_SPOKEN","narrative/VN_DIALOGUE_GRAPH.json:V28-C22-MEMORY-E"
"1848-12의 길이는 짧지 않았습니다. 누가 들었는지 묻는 사람에게는 당신이 고른 말부터 전하겠습니다.","DIEGETIC_SPOKEN","narrative/VN_DIALOGUE_GRAPH.json:V28-C22-MEMORY-P"
"오늘은 1848년 잡지 지면의 변화를 한 사람의 의도로 줄이지 않겠다고 말한다.","NATURAL_PLAYER_ACTION","narrative/VN_DIALOGUE_GRAPH.json:V28-C22-PLAYER"
"봉투의 접힌 선과 남겨 둔 이름이 다음 방문의 문턱이 된다. 알렉세이는 늦은 회신을 처음 판단의 근거로 쓰려 하고 파벨은 도착 전에는 아무도 읽지 못했다고 한다. 이 기록의 답은 아직 닫히지 않았다.","IN_WORLD_DOCUMENT","narrative/VN_DIALOGUE_GRAPH.json:V28-C22-AFTERMATH"
"기록을 접기 전, 알렉세이가 자신의 실수를 인정한 순간라는 말이 책상 위에 남았다.","IN_WORLD_DOCUMENT","narrative/VN_DIALOGUE_GRAPH.json:V28-C22-CLOSE-1"
"다음번에는 후속 검열 회신이 최초 접수 기록보다 늦게 도착했다에서 네가 고른 문장을 기억하고 오겠지. 나는 1848-12의 봉인을 기억하겠다.","DIEGETIC_SPOKEN","narrative/VN_DIALOGUE_GRAPH.json:V28-C22-CLOSE-2"
"“접수 시점과 열람 시점을 분리한다”라는 원칙에 관한 다음 봉투를 가져올게요. 다만 오늘의 침묵까지 같은 뜻이었다고 쓰지는 마세요.","DIEGETIC_SPOKEN","narrative/VN_DIALOGUE_GRAPH.json:V28-C22-CLOSE-3"
"1848-12의 문이 닫히기 전까지는 전달이 끝난 게 아닙니다. 누가 1848년 잡지 지면의 변화를 들었는지도 함께 남겨 주세요.","DIEGETIC_SPOKEN","narrative/VN_DIALOGUE_GRAPH.json:V28-C22-CLOSE-4"
"1849년 2월, 1848년 지면과 훗날의 평론이 한 자료철에서 겹쳐졌다.","IN_WORLD_DOCUMENT","narrative/VN_DIALOGUE_GRAPH.json:V29-C19-LINE-1"
"최신 평론이 더 또렷해. 결론을 거기서 가져오면 장부가 빨라질 텐데.","DIEGETIC_SPOKEN","narrative/VN_DIALOGUE_GRAPH.json:V29-C19-LINE-2"
"또렷한 것과 먼저 나온 것은 다릅니다. 발행 시점의 간격을 먼저 보세요.","DIEGETIC_SPOKEN","narrative/VN_DIALOGUE_GRAPH.json:V29-C19-LINE-3"
"두 종이는 같은 날 도착했지만 하나는 당시의 잉크, 하나는 뒤늦은 필체입니다.","DIEGETIC_SPOKEN","narrative/VN_DIALOGUE_GRAPH.json:V29-C19-LINE-4"
"1848년 지면과 후대 평론을 시간차가 있는 증언으로 분리한다.","NATURAL_PLAYER_ACTION","narrative/VN_DIALOGUE_GRAPH.json:V29-C19-LINE-5"
"후대의 말이 틀렸다는 뜻은 아니에요. 다만 그 말이 당시의 목소리인 척하지 않게 해야죠.","DIEGETIC_SPOKEN","narrative/VN_DIALOGUE_GRAPH.json:V29-C19-LINE-6"
"동시기 지면에서 확인한 문장만 사건의 당시 기록으로 남긴다.","NATURAL_PLAYER_ACTION","narrative/VN_DIALOGUE_GRAPH.json:V29-C19-LINE-7"
"그럼 내 결론은 개인 메모로 물리고, 발행일을 먼저 상신하겠어.","DIEGETIC_SPOKEN","narrative/VN_DIALOGUE_GRAPH.json:V29-C19-LINE-8"
"두 자료의 간행일, 저자명, 열람 시점을 각각 표시했다.","IN_WORLD_DOCUMENT","narrative/VN_DIALOGUE_GRAPH.json:V29-C19-LINE-9"
"지난번에 보호받은 이름이 다시 보이지만, 이름이 있다고 같은 사람이 같은 뜻을 말한 건 아니에요.","DIEGETIC_SPOKEN","narrative/VN_DIALOGUE_GRAPH.json:V29-C19-LINE-10"
"맞아. 내가 기억을 증거처럼 쓰려 했군. 오늘은 기억도 출처 옆에 둘게.","DIEGETIC_SPOKEN","narrative/VN_DIALOGUE_GRAPH.json:V29-C19-LINE-11"
"두 자료는 다른 독자에게 보내겠습니다. 어느 시점의 글인지 먼저 보게요.","DIEGETIC_SPOKEN","narrative/VN_DIALOGUE_GRAPH.json:V29-C19-LINE-12"
"후대 평론은 참고 봉투로, 동시기 지면은 사건 봉투로 전달한다.","NATURAL_PLAYER_ACTION","narrative/VN_DIALOGUE_GRAPH.json:V29-C19-LINE-13"
"그 구분을 지키면 지난번의 이름도 사람을 압박하는 표지가 되지 않아요.","DIEGETIC_SPOKEN","narrative/VN_DIALOGUE_GRAPH.json:V29-C19-LINE-14"
"발행일을 지키는 일도 사람을 지키는 일과 닮았군. 오늘은 농담하지 않겠어.","DIEGETIC_SPOKEN","narrative/VN_DIALOGUE_GRAPH.json:V29-C19-LINE-15"
"시간차는 지워지지 않았고, 두 자료는 서로의 대리인이 되지 않았다.","IN_WORLD_DOCUMENT","narrative/VN_DIALOGUE_GRAPH.json:V29-C19-LINE-16"
"동시기 지면과 후대 평론의 발행일을 공식 기록에서 분리한다.","NATURAL_PLAYER_ACTION","narrative/VN_DIALOGUE_GRAPH.json:V28-C19-CHOICE-1"
"동시기 지면의 문장과 후대 평론의 해석을 각각 읽는다.","NATURAL_PLAYER_ACTION","narrative/VN_DIALOGUE_GRAPH.json:V28-C19-CHOICE-2"
"두 자료를 다른 전달 경로로 보내 열람 시점을 남긴다.","NATURAL_PLAYER_ACTION","narrative/VN_DIALOGUE_GRAPH.json:V28-C19-CHOICE-3"
"발행일을 먼저 맞추겠어. 내 결론을 당시 기록의 목소리로 올리진 않지.","DIEGETIC_SPOKEN","narrative/VN_DIALOGUE_GRAPH.json:V28-C19-REACTION-1"
"후대의 해석도 읽을 가치는 있어요. 다만 먼저 나온 말처럼 들려주지는 말아요.","DIEGETIC_SPOKEN","narrative/VN_DIALOGUE_GRAPH.json:V28-C19-REACTION-2"
"같은 날 도착한 두 종이를 따로 보내겠습니다. 도착일이 시간을 지우지 않게요.","DIEGETIC_SPOKEN","narrative/VN_DIALOGUE_GRAPH.json:V28-C19-REACTION-3"
"1848년 유럽 소식과 러시아 정기간행물의 원문과 한국어 번역을 나란히 펼쳐, 서로 다른 문서의 목소리를 확인한다.","IN_WORLD_DOCUMENT","narrative/VN_DIALOGUE_GRAPH.json:V29-C19-INSPECT"
"동시기 지면과 뒤늦게 나온 평론이 같은 주제를 두고 마주 놓였다.","IN_WORLD_DOCUMENT","narrative/VN_DIALOGUE_GRAPH.json:V31-C19-INTRO-1"
"최신 평론은 또렷해. 하지만 또렷하다고 먼저 나온 목소리가 되는 건 아니지.","DIEGETIC_SPOKEN","narrative/VN_DIALOGUE_GRAPH.json:V31-C19-INTRO-2"
"발행 시점의 간격을 먼저 보세요. 후대의 판단을 당시 사람이 한 말처럼 만들 수는 없어요.","DIEGETIC_SPOKEN","narrative/VN_DIALOGUE_GRAPH.json:V31-C19-INTRO-3"
"두 종이는 같은 날 도착했지만 잉크의 시간은 다릅니다. 도착일과 작성 시점을 나눠야 해요.","DIEGETIC_SPOKEN","narrative/VN_DIALOGUE_GRAPH.json:V31-C19-INTRO-4"
"1849-02의 비가 봉투 모서리를 적셨다. 오늘 아침, 수사 기록의 증언·신문·판결 초안이 한 묶음으로 묶였다.","IN_WORLD_DOCUMENT","narrative/VN_DIALOGUE_GRAPH.json:V28-C23-ARRIVAL-1"
"알렉세이는 증언을 판결처럼 읽지 않으려 하고 예카테리나는 신문이 본인의 목소리를 대신할 수 없다고 한다. 우선 봉인을 확인하지. 봉인은 글보다 먼저 거짓말을 하거든.","DIEGETIC_SPOKEN","narrative/VN_DIALOGUE_GRAPH.json:V28-C23-ALEXEI-1"
"봉인만 보면 편해요. 하지만 오늘은 “증언·보도·판결의 발화자를 보존한다”라고 적힌 줄부터 물어야 해요. 누가 무엇을 보았는지요.","DIEGETIC_SPOKEN","narrative/VN_DIALOGUE_GRAPH.json:V28-C23-EKATERINA-1"
"길은 기록보다 느립니다. 1849-02의 그 봉투가 여기까지 온 시간도 내용의 일부로 남겨 두세요.","DIEGETIC_SPOKEN","narrative/VN_DIALOGUE_GRAPH.json:V28-C23-PAVEL-1"
"알렉세이, 페트라셰프스키 감시와 체포의 봉인과 본문을 나눠 적겠습니다. 출발 시각을 확인해 주세요.","NATURAL_PLAYER_ACTION","narrative/VN_DIALOGUE_GRAPH.json:V28-C23-CHOICE-1"
"예카테리나, 페트라셰프스키 감시와 체포에서 실제로 읽은 문장만 말해 주세요. 나머지는 추측하지 않겠습니다.","NATURAL_PLAYER_ACTION","narrative/VN_DIALOGUE_GRAPH.json:V28-C23-CHOICE-2"
"파벨, 페트라셰프스키 감시와 체포의 봉투를 맡기겠습니다. 이름과 도착 시각도 적을까요?","NATURAL_PLAYER_ACTION","narrative/VN_DIALOGUE_GRAPH.json:V28-C23-CHOICE-3"
"1849-02의 봉인을 그렇게까지 칸을 나누면 일이 늦어져. 그래도 네 이름으로 남긴다면 내가 출발 시각은 찾아보지.","DIEGETIC_SPOKEN","narrative/VN_DIALOGUE_GRAPH.json:V28-C23-REACTION-1"
"그 차이를 원문으로 확인하겠다고요? 페트라셰프스키 감시와 체포에서 숨긴 줄과 보여 줄 줄을 구분해 볼게요. 이제야 제대로 묻네요.","DIEGETIC_SPOKEN","narrative/VN_DIALOGUE_GRAPH.json:V28-C23-REACTION-2"
"1849-02의 그 봉투가 여기까지 온 길은 짧지 않았습니다. 이름은 봉투보다 먼저 움직이니 도착 시각부터 쓰지요.","DIEGETIC_SPOKEN","narrative/VN_DIALOGUE_GRAPH.json:V28-C23-REACTION-3"
"책상 위에서 원문과 번역을 맞춘다. “증언·보도·판결의 발화자를 보존한다”라고 적힌 대목을 먼저 확인한다. 허구 서기관의 파일에 어떤 흔적을 남길지 정한다.","IN_WORLD_DOCUMENT","narrative/VN_DIALOGUE_GRAPH.json:V28-C23-INSPECT-1"
"“증언·보도·판결의 발화자를 보존한다”라는 원칙을 읽고도 같은 판단을 하겠어요? 페트라셰프스키 감시와 체포를 읽기 전과 읽은 뒤의 말을 구분해야 해요.","DIEGETIC_SPOKEN","narrative/VN_DIALOGUE_GRAPH.json:V28-C23-EVIDENCE-1"
"좋아. 페트라셰프스키 감시와 체포에서 네가 본 것과 내가 두려워한 것을 한 줄에 섞지 않겠다.","DIEGETIC_SPOKEN","narrative/VN_DIALOGUE_GRAPH.json:V28-C23-EVIDENCE-2"
"세 사람의 기억이 한꺼번에 시험받은 순간. 그 말을 다음 장부의 빈 칸에 적어 두지는 않겠지만, 나는 잊지 않겠다.","DIEGETIC_SPOKEN","narrative/VN_DIALOGUE_GRAPH.json:V28-C23-MEMORY-A"
"다음에 만났을 때 “증언·보도·판결의 발화자를 보존한다”라는 원칙을 기억하고 있다면, 그때는 봉투를 한 겹 덜 접어도 되겠네요.","DIEGETIC_SPOKEN","narrative/VN_DIALOGUE_GRAPH.json:V28-C23-MEMORY-E"
"1849-02의 길이는 짧지 않았습니다. 누가 들었는지 묻는 사람에게는 당신이 고른 말부터 전하겠습니다.","DIEGETIC_SPOKEN","narrative/VN_DIALOGUE_GRAPH.json:V28-C23-MEMORY-P"
"오늘은 페트라셰프스키 감시와 체포를 한 사람의 의도로 줄이지 않겠다고 말한다.","NATURAL_PLAYER_ACTION","narrative/VN_DIALOGUE_GRAPH.json:V28-C23-PLAYER"
"봉투의 접힌 선과 남겨 둔 이름이 다음 방문의 문턱이 된다. 알렉세이는 증언을 판결처럼 읽지 않으려 하고 예카테리나는 신문이 본인의 목소리를 대신할 수 없다고 한다. 이 기록의 답은 아직 닫히지 않았다.","IN_WORLD_DOCUMENT","narrative/VN_DIALOGUE_GRAPH.json:V28-C23-AFTERMATH"
"기록을 접기 전, 세 사람의 기억이 한꺼번에 시험받은 순간라는 말이 책상 위에 남았다.","IN_WORLD_DOCUMENT","narrative/VN_DIALOGUE_GRAPH.json:V28-C23-CLOSE-1"
"다음번에는 수사 기록의 증언·신문·판결 초안이 한 묶음으로 묶였다에서 네가 고른 문장을 기억하고 오겠지. 나는 1849-02의 봉인을 기억하겠다.","DIEGETIC_SPOKEN","narrative/VN_DIALOGUE_GRAPH.json:V28-C23-CLOSE-2"
"“증언·보도·판결의 발화자를 보존한다”라는 원칙에 관한 다음 봉투를 가져올게요. 다만 오늘의 침묵까지 같은 뜻이었다고 쓰지는 마세요.","DIEGETIC_SPOKEN","narrative/VN_DIALOGUE_GRAPH.json:V28-C23-CLOSE-3"
"1849-02의 문이 닫히기 전까지는 전달이 끝난 게 아닙니다. 누가 페트라셰프스키 감시와 체포를 들었는지도 함께 남겨 주세요.","DIEGETIC_SPOKEN","narrative/VN_DIALOGUE_GRAPH.json:V28-C23-CLOSE-4"
"1849년 12월 22일, 수사 기록과 선고 문서가 봉인되기 직전 책상에 놓였다.","IN_WORLD_DOCUMENT","narrative/VN_DIALOGUE_GRAPH.json:V29-C24-LINE-1"
"마지막 장부야. 여기서 한 줄을 틀리면 살아 있는 사람도 죽은 사람도 같은 이름이 돼.","DIEGETIC_SPOKEN","narrative/VN_DIALOGUE_GRAPH.json:V29-C24-LINE-2"
"그래서 마지막일수록 천천히 읽어야 해요. 증언이 판결의 목소리인 척하고 있지는 않은지.","DIEGETIC_SPOKEN","narrative/VN_DIALOGUE_GRAPH.json:V29-C24-LINE-3"
"문밖에 두 번 발소리가 났습니다. 누가 들었는지는 말할 수 있지만, 누가 명령했는지는 모릅니다.","DIEGETIC_SPOKEN","narrative/VN_DIALOGUE_GRAPH.json:V29-C24-LINE-4"
"판결과 증언과 내가 본 방을 세 겹으로 나누자고 말한다.","NATURAL_PLAYER_ACTION","narrative/VN_DIALOGUE_GRAPH.json:V29-C24-LINE-5"
"이제 와서도 네 기록과 국가의 기록을 나누겠다는 건가?","DIEGETIC_SPOKEN","narrative/VN_DIALOGUE_GRAPH.json:V29-C24-LINE-6"
"네. 내가 본 것을 판결의 문장으로 바꾸지 않겠습니다.","NATURAL_PLAYER_ACTION","narrative/VN_DIALOGUE_GRAPH.json:V29-C24-LINE-7"
"그 약속을 기억할게요. 대신 원문에 없는 위로도 덧붙이지 말아요.","DIEGETIC_SPOKEN","narrative/VN_DIALOGUE_GRAPH.json:V29-C24-LINE-8"
"수사 기록의 증언, 선고 문서, 봉인 직전의 방을 따로 열람했다.","IN_WORLD_DOCUMENT","narrative/VN_DIALOGUE_GRAPH.json:V29-C24-LINE-9"
"봉인은 닫히겠지만, 빈칸까지 닫을 수는 없어. 그걸 인정하는 게 내 몫이군.","DIEGETIC_SPOKEN","narrative/VN_DIALOGUE_GRAPH.json:V29-C24-LINE-10"
"당신이 오늘 누구에게 무엇을 건넸는지가 남아요. 이름보다 오래 갈 수도 있어요.","DIEGETIC_SPOKEN","narrative/VN_DIALOGUE_GRAPH.json:V29-C24-LINE-11"
"나는 문밖의 두 발소리를 기록하겠습니다. 들었다는 말과 보았다는 말은 다르니까요.","DIEGETIC_SPOKEN","narrative/VN_DIALOGUE_GRAPH.json:V29-C24-LINE-12"
"마지막 종이를 누구에게 돌릴지 실제로 말한다.","NATURAL_PLAYER_ACTION","narrative/VN_DIALOGUE_GRAPH.json:V29-C24-LINE-13"
"그 선택은 네가 혼자 믿는 생각보다 무겁다. 누군가 들었으니까.","DIEGETIC_SPOKEN","narrative/VN_DIALOGUE_GRAPH.json:V29-C24-LINE-14"
"처음 만났을 때 당신은 소문과 원문을 나눴죠. 오늘은 판결과 기억을 나눴어요.","DIEGETIC_SPOKEN","narrative/VN_DIALOGUE_GRAPH.json:V29-C24-LINE-15"
"봉투가 떠납니다. 이번엔 어느 길로 갔는지 숨기지 않겠습니다.","DIEGETIC_SPOKEN","narrative/VN_DIALOGUE_GRAPH.json:V29-C24-LINE-16"
"역사의 판결은 그대로 남고, 세 사람이 들은 말의 책임만 서로 다른 방향으로 흘렀다.","IN_WORLD_DOCUMENT","narrative/VN_DIALOGUE_GRAPH.json:V29-C24-LINE-17"
"문을 닫겠습니다. 네가 적은 한 줄은, 내가 읽었다고만 남기지.","DIEGETIC_SPOKEN","narrative/VN_DIALOGUE_GRAPH.json:V29-C24-LINE-18"
"알렉세이와 공식 기록을 맞추고, 내가 본 방은 사적으로 남긴다.","NATURAL_PLAYER_ACTION","narrative/VN_DIALOGUE_GRAPH.json:V28-C24-CHOICE-1"
"예카테리나에게 원문을 돌려주고 이름은 쓰지 않는다.","NATURAL_PLAYER_ACTION","narrative/VN_DIALOGUE_GRAPH.json:V28-C24-CHOICE-2"
"파벨에게 전달을 맡기고 수신·열람 경로를 공개한다.","NATURAL_PLAYER_ACTION","narrative/VN_DIALOGUE_GRAPH.json:V28-C24-CHOICE-3"
"공식 칸과 내가 본 칸을 나누겠어. 판결의 문장에 내 눈을 섞지는 않지.","DIEGETIC_SPOKEN","narrative/VN_DIALOGUE_GRAPH.json:V28-C24-REACTION-1"
"원문에 없는 이름은 적지 않아요. 빈칸을 지키는 것도 오늘의 일입니다.","DIEGETIC_SPOKEN","narrative/VN_DIALOGUE_GRAPH.json:V28-C24-REACTION-2"
"어디서 누구에게 갔는지 남기겠습니다. 숨기지 않되 모르는 사람까지 끌어들이진 않지요.","DIEGETIC_SPOKEN","narrative/VN_DIALOGUE_GRAPH.json:V28-C24-REACTION-3"
"1849년 수사·선고 기록의 원문과 한국어 번역을 나란히 펼쳐, 서로 다른 문서의 목소리를 확인한다.","IN_WORLD_DOCUMENT","narrative/VN_DIALOGUE_GRAPH.json:V29-C24-INSPECT"
"1849년 12월 22일, 수사 기록과 선고 문서가 봉인 직전 책상에 놓였다.","IN_WORLD_DOCUMENT","narrative/VN_DIALOGUE_GRAPH.json:V31-C24-INTRO-1"
"마지막 장부야. 이름 하나를 잘못 옮기면 살아 있는 사람과 죽은 사람이 같은 칸에 들어가.","DIEGETIC_SPOKEN","narrative/VN_DIALOGUE_GRAPH.json:V31-C24-INTRO-2"
"증언이 판결의 목소리인 척하는지 천천히 봐요. 마지막이라고 서두를 이유는 없어요.","DIEGETIC_SPOKEN","narrative/VN_DIALOGUE_GRAPH.json:V31-C24-INTRO-3"
"문밖에서 두 번 발소리가 났습니다. 들었다는 말과 명령을 받았다는 말은 다릅니다.","DIEGETIC_SPOKEN","narrative/VN_DIALOGUE_GRAPH.json:V31-C24-INTRO-4"