caseId,dateRange,dramaticPurpose,startingKnowledge,choice1,choice2,choice3,memoryCallback,afterCase,endingLinks
C01,1836-10 to 1836-10,알렉세이는 압수 명령의 날짜를 먼저 보지만 예카테리나는 문장이 금지된 이유와 사람의 목소리를 갈라 보라고 요구한다,NPC knowledge differs at arrival,알렉세이、 차다예프의 첫 철학적 편지의 봉인과 본문을 나눠 적겠습니다. 출발 시각을 확인해 주세요.,예카테리나、 차다예프의 첫 철학적 편지에서 실제로 읽은 문장만 말해 주세요. 나머지는 추측하지 않겠습니다.,파벨、 차다예프의 첫 철학적 편지의 봉투를 맡기겠습니다. 이름과 도착 시각도 적을까요?,처음으로 서로의 이름을 숨겨 주는 선택,C01-AFTERMATH,all
C02,1836-11 to 1836-11,알렉세이는 발신자 칸을 비워 두려 하고 예카테리나는 번역자의 책임을 지우지 말라고 한다,NPC knowledge differs at arrival,알렉세이、 차다예프 사건 뒤의 공식 반응의 봉인과 본문을 나눠 적겠습니다. 출발 시각을 확인해 주세요.,예카테리나、 차다예프 사건 뒤의 공식 반응에서 실제로 읽은 문장만 말해 주세요. 나머지는 추측하지 않겠습니다.,파벨、 차다예프 사건 뒤의 공식 반응의 봉투를 맡기겠습니다. 이름과 도착 시각도 적을까요?,알렉세이의 형 이야기가 처음 암시된다,C02-AFTERMATH,all
C03,1837-03 to 1837-03,예카테리나는 독자가 실제로 주문할 수 있는 책과 관청이 추정한 책을 구분한다,NPC knowledge differs at arrival,알렉세이、 푸시킨 사망과 언론의 반응의 봉인과 본문을 나눠 적겠습니다. 출발 시각을 확인해 주세요.,예카테리나、 푸시킨 사망과 언론의 반응에서 실제로 읽은 문장만 말해 주세요. 나머지는 추측하지 않겠습니다.,파벨、 푸시킨 사망과 언론의 반응의 봉투를 맡기겠습니다. 이름과 도착 시각도 적을까요?,파벨이 우편 경로의 겨울 지연을 증언한다,C03-AFTERMATH,all
C04,1839-12 to 1839-12,알렉세이는 한 줄을 잘라 올리려 하고 예카테리나는 앞뒤 문장을 요구한다,NPC knowledge differs at arrival,알렉세이、 《조국 수기》의 등장의 봉인과 본문을 나눠 적겠습니다. 출발 시각을 확인해 주세요.,예카테리나、 《조국 수기》의 등장에서 실제로 읽은 문장만 말해 주세요. 나머지는 추측하지 않겠습니다.,파벨、 《조국 수기》의 등장의 봉투를 맡기겠습니다. 이름과 도착 시각도 적을까요?,예카테리나가 플레이어의 기억을 시험한다,C04-AFTERMATH,all
C05,1840-05-15 to 1840-05-15,예카테리나는 시인의 목소리와 평론가의 판단을 섞지 말라고 하며 알렉세이는 판본 번호를 찾는다,NPC knowledge differs at arrival,알렉세이、 《우리 시대의 영웅》의 봉인과 본문을 나눠 적겠습니다. 출발 시각을 확인해 주세요.,예카테리나、 《우리 시대의 영웅》에서 실제로 읽은 문장만 말해 주세요. 나머지는 추측하지 않겠습니다.,파벨、 《우리 시대의 영웅》의 봉투를 맡기겠습니다. 이름과 도착 시각도 적을까요?,다음 사건에서 두 사람이 서로 다른 인용을 기억한다,C05-AFTERMATH,all
C06,1842-02 to 1842-02,알렉세이는 허가 도장을 결론으로 삼고 예카테리나는 사라진 행을 손가락으로 짚는다,NPC knowledge differs at arrival,알렉세이、 레르몬토프 결투 수사 기록의 봉인과 본문을 나눠 적겠습니다. 출발 시각을 확인해 주세요.,예카테리나、 레르몬토프 결투 수사 기록에서 실제로 읽은 문장만 말해 주세요. 나머지는 추측하지 않겠습니다.,파벨、 레르몬토프 결투 수사 기록의 봉투를 맡기겠습니다. 이름과 도착 시각도 적을까요?,알렉세이가 처음으로 규정 밖의 질문을 한다,C06-AFTERMATH,all
C07,1842-05 to 1842-05,알렉세이는 허가가 곧 원형 보증이라고 믿고 예카테리나는 작가의 수정과 검열관의 선을 나눈다,NPC knowledge differs at arrival,알렉세이、 《죽은 혼》의 출판과 검열의 봉인과 본문을 나눠 적겠습니다. 출발 시각을 확인해 주세요.,예카테리나、 《죽은 혼》의 출판과 검열에서 실제로 읽은 문장만 말해 주세요. 나머지는 추측하지 않겠습니다.,파벨、 《죽은 혼》의 출판과 검열의 봉투를 맡기겠습니다. 이름과 도착 시각도 적을까요?,예카테리나가 지난번 플레이어의 표현을 되받아친다,C07-AFTERMATH,all
C08,1842-02 to 1842-02,파벨은 봉투가 늦어진 시간을 말하고 예카테리나는 누가 교정지를 읽었는지 묻는다,NPC knowledge differs at arrival,알렉세이、 슬라브파와 서구파의 논쟁의 봉인과 본문을 나눠 적겠습니다. 출발 시각을 확인해 주세요.,예카테리나、 슬라브파와 서구파의 논쟁에서 실제로 읽은 문장만 말해 주세요. 나머지는 추측하지 않겠습니다.,파벨、 슬라브파와 서구파의 논쟁의 봉투를 맡기겠습니다. 이름과 도착 시각도 적을까요?,파벨의 신뢰가 실제 전달 선택에 따라 달라진다,C08-AFTERMATH,all
C09,1844-06 to 1844-06,알렉세이는 회신일만 적으려 하지만 파벨은 출발일이 사라지면 책임의 길도 사라진다고 한다,NPC knowledge differs at arrival,알렉세이、 벨린스키 비평의 변화의 봉인과 본문을 나눠 적겠습니다. 출발 시각을 확인해 주세요.,예카테리나、 벨린스키 비평의 변화에서 실제로 읽은 문장만 말해 주세요. 나머지는 추측하지 않겠습니다.,파벨、 벨린스키 비평의 변화의 봉투를 맡기겠습니다. 이름과 도착 시각도 적을까요?,알렉세이가 가족 이야기를 농담으로 덮는다,C09-AFTERMATH,all
C10,1845-01 to 1845-01,예카테리나는 초대받지 않은 사람이 알 수 있는 정보와 참석자의 말을 분리한다,NPC knowledge differs at arrival,알렉세이、 자연파 논쟁의 봉인과 본문을 나눠 적겠습니다. 출발 시각을 확인해 주세요.,예카테리나、 자연파 논쟁에서 실제로 읽은 문장만 말해 주세요. 나머지는 추측하지 않겠습니다.,파벨、 자연파 논쟁의 봉투를 맡기겠습니다. 이름과 도착 시각도 적을까요?,처음으로 침묵이 관계를 지키는 선택이 된다,C10-AFTERMATH,all
C11,1845-09 to 1845-09,파벨은 번역본만 배달하라는 지시를 받았고 예카테리나는 원문을 숨기지 말라고 한다,NPC knowledge differs at arrival,알렉세이、 상트페테르부르크 문학 연감의 봉인과 본문을 나눠 적겠습니다. 출발 시각을 확인해 주세요.,예카테리나、 상트페테르부르크 문학 연감에서 실제로 읽은 문장만 말해 주세요. 나머지는 추측하지 않겠습니다.,파벨、 상트페테르부르크 문학 연감의 봉투를 맡기겠습니다. 이름과 도착 시각도 적을까요?,파벨이 봉투의 무게를 기억한다,C11-AFTERMATH,all
C12,1846-03 to 1846-03,알렉세이는 요약을 편리한 표제로 삼고 예카테리나는 첫 연의 리듬이 사라졌다고 한다,NPC knowledge differs at arrival,알렉세이、 도스토옙스키의 첫 소설의 봉인과 본문을 나눠 적겠습니다. 출발 시각을 확인해 주세요.,예카테리나、 도스토옙스키의 첫 소설에서 실제로 읽은 문장만 말해 주세요. 나머지는 추측하지 않겠습니다.,파벨、 도스토옙스키의 첫 소설의 봉투를 맡기겠습니다. 이름과 도착 시각도 적을까요?,플레이어가 기억한 한 단어가 다음 대화의 열쇠가 된다,C12-AFTERMATH,all
C13,1846-09 to 1846-09,예카테리나는 판매 목록을 서문의 의도처럼 읽지 말라고 하고 알렉세이는 활자소를 확인한다,NPC knowledge differs at arrival,알렉세이、 페트라셰프스키 모임의 초기 환경의 봉인과 본문을 나눠 적겠습니다. 출발 시각을 확인해 주세요.,예카테리나、 페트라셰프스키 모임의 초기 환경에서 실제로 읽은 문장만 말해 주세요. 나머지는 추측하지 않겠습니다.,파벨、 페트라셰프스키 모임의 초기 환경의 봉투를 맡기겠습니다. 이름과 도착 시각도 적을까요?,알렉세이가 기록을 고치는 대신 여백을 남긴다,C13-AFTERMATH,all
C14,1847-07 to 1847-07,예카테리나는 편집부가 실제로 받은 문장만 말하고 알렉세이는 메모의 수신자를 확인한다,NPC knowledge differs at arrival,알렉세이、 《현대인》의 개편의 봉인과 본문을 나눠 적겠습니다. 출발 시각을 확인해 주세요.,예카테리나、 《현대인》의 개편에서 실제로 읽은 문장만 말해 주세요. 나머지는 추측하지 않겠습니다.,파벨、 《현대인》의 개편의 봉투를 맡기겠습니다. 이름과 도착 시각도 적을까요?,두 사람의 첫 협력이 이후 접촉망을 연다,C14-AFTERMATH,all
C15,1847-03 to 1847-03,파벨은 소문을 배달할 수 없다고 하고 예카테리나는 목차에 없는 것은 아직 책이 아니라고 한다,NPC knowledge differs at arrival,알렉세이、 고골의 《선집》의 봉인과 본문을 나눠 적겠습니다. 출발 시각을 확인해 주세요.,예카테리나、 고골의 《선집》에서 실제로 읽은 문장만 말해 주세요. 나머지는 추측하지 않겠습니다.,파벨、 고골의 《선집》의 봉투를 맡기겠습니다. 이름과 도착 시각도 적을까요?,침묵을 택하면 파벨이 위험한 이름을 지킨다,C15-AFTERMATH,all
C16,1847-06 to 1847-06,예카테리나는 공고는 약속이고 항의는 반응이라고 말하며 알렉세이는 두 장의 날짜를 맞춘다,NPC knowledge differs at arrival,알렉세이、 벨린스키와 고골의 논쟁의 봉인과 본문을 나눠 적겠습니다. 출발 시각을 확인해 주세요.,예카테리나、 벨린스키와 고골의 논쟁에서 실제로 읽은 문장만 말해 주세요. 나머지는 추측하지 않겠습니다.,파벨、 벨린스키와 고골의 논쟁의 봉투를 맡기겠습니다. 이름과 도착 시각도 적을까요?,알렉세이가 플레이어의 문장 길이를 놀린다,C16-AFTERMATH,all
C17,1847-07 to 1847-07,알렉세이는 집행 의무를 강조하고 예카테리나는 광고가 실제로 남았다는 관찰을 지운다면 기록도 거짓말이라고 한다,NPC knowledge differs at arrival,알렉세이、 셰우첸코·쿨리시·코스토마로프 관련 검열의 봉인과 본문을 나눠 적겠습니다. 출발 시각을 확인해 주세요.,예카테리나、 셰우첸코·쿨리시·코스토마로프 관련 검열에서 실제로 읽은 문장만 말해 주세요. 나머지는 추측하지 않겠습니다.,파벨、 셰우첸코·쿨리시·코스토마로프 관련 검열의 봉투를 맡기겠습니다. 이름과 도착 시각도 적을까요?,알렉세이가 처음으로 위험을 함께 감수한다,C17-AFTERMATH,all
C18,1847-12 to 1847-12,예카테리나는 서신의 사적 분노를 공적 발행 계획과 섞지 말라고 하고 파벨은 겨울 우편의 시간을 계산한다,NPC knowledge differs at arrival,알렉세이、 《현대인》에 대한 슬라브파의 반응의 봉인과 본문을 나눠 적겠습니다. 출발 시각을 확인해 주세요.,예카테리나、 《현대인》에 대한 슬라브파의 반응에서 실제로 읽은 문장만 말해 주세요. 나머지는 추측하지 않겠습니다.,파벨、 《현대인》에 대한 슬라브파의 반응의 봉투를 맡기겠습니다. 이름과 도착 시각도 적을까요?,예카테리나가 숨겨 둔 봉투의 이유가 드러난다,C18-AFTERMATH,all
C20,1848-04 to 1848-04,파벨은 국경을 넘은 소식의 경로를 말하고 예카테리나는 편집 계획이 곧 정치 논평은 아니라고 한다,NPC knowledge differs at arrival,알렉세이、 유럽 혁명과 언론 제한의 봉인과 본문을 나눠 적겠습니다. 출발 시각을 확인해 주세요.,예카테리나、 유럽 혁명과 언론 제한에서 실제로 읽은 문장만 말해 주세요. 나머지는 추측하지 않겠습니다.,파벨、 유럽 혁명과 언론 제한의 봉투를 맡기겠습니다. 이름과 도착 시각도 적을까요?,파벨이 전달 거절의 이유를 설명한다,C20-AFTERMATH,all
C21,1848-10 to 1848-10,예카테리나는 공고의 발신자와 삽화가의 목소리를 나누고 알렉세이는 저자명을 확인한다,NPC knowledge differs at arrival,알렉세이、 4월 위원회와 검열 강화의 봉인과 본문을 나눠 적겠습니다. 출발 시각을 확인해 주세요.,예카테리나、 4월 위원회와 검열 강화에서 실제로 읽은 문장만 말해 주세요. 나머지는 추측하지 않겠습니다.,파벨、 4월 위원회와 검열 강화의 봉투를 맡기겠습니다. 이름과 도착 시각도 적을까요?,예카테리나가 플레이어에게 실제 봉투를 맡긴다,C21-AFTERMATH,all
C22,1848-12 to 1848-12,알렉세이는 늦은 회신을 처음 판단의 근거로 쓰려 하고 파벨은 도착 전에는 아무도 읽지 못했다고 한다,NPC knowledge differs at arrival,알렉세이、 1848년 잡지 지면의 변화의 봉인과 본문을 나눠 적겠습니다. 출발 시각을 확인해 주세요.,예카테리나、 1848년 잡지 지면의 변화에서 실제로 읽은 문장만 말해 주세요. 나머지는 추측하지 않겠습니다.,파벨、 1848년 잡지 지면의 변화의 봉투를 맡기겠습니다. 이름과 도착 시각도 적을까요?,알렉세이가 자신의 실수를 인정한다,C22-AFTERMATH,all
C19,1849-02 to 1849-02,알렉세이는 최신 평론을 결론으로 삼으려 하고 예카테리나는 발행 시점의 간격을 먼저 보라고 한다,NPC knowledge differs at arrival,알렉세이、 1848년 유럽 소식과 러시아 정기간행물의 봉인과 본문을 나눠 적겠습니다. 출발 시각을 확인해 주세요.,예카테리나、 1848년 유럽 소식과 러시아 정기간행물에서 실제로 읽은 문장만 말해 주세요. 나머지는 추측하지 않겠습니다.,파벨、 1848년 유럽 소식과 러시아 정기간행물의 봉투를 맡기겠습니다. 이름과 도착 시각도 적을까요?,지난 사건에서 보호받은 이름이 다시 등장한다,C19-AFTERMATH,all
C23,1849-02 to 1849-02,알렉세이는 증언을 판결처럼 읽지 않으려 하고 예카테리나는 신문이 본인의 목소리를 대신할 수 없다고 한다,NPC knowledge differs at arrival,알렉세이、 페트라셰프스키 감시와 체포의 봉인과 본문을 나눠 적겠습니다. 출발 시각을 확인해 주세요.,예카테리나、 페트라셰프스키 감시와 체포에서 실제로 읽은 문장만 말해 주세요. 나머지는 추측하지 않겠습니다.,파벨、 페트라셰프스키 감시와 체포의 봉투를 맡기겠습니다. 이름과 도착 시각도 적을까요?,세 사람의 기억 규칙이 처음 동시에 시험된다,C23-AFTERMATH,all
C24,1849-12-22 to 1849-12-22,알렉세이는 봉인을 서두르고 예카테리나는 한 장의 뒤집힌 종이를 가리키며 파벨은 누가 이 방에 들어왔는지 묻는다,NPC knowledge differs at arrival,알렉세이、 1849년 수사·선고 기록의 봉인과 본문을 나눠 적겠습니다. 출발 시각을 확인해 주세요.,예카테리나、 1849년 수사·선고 기록에서 실제로 읽은 문장만 말해 주세요. 나머지는 추측하지 않겠습니다.,파벨、 1849년 수사·선고 기록의 봉투를 맡기겠습니다. 이름과 도착 시각도 적을까요?,세 사람의 구체적인 기억이 다섯 엔딩을 가른다,C24-AFTERMATH,all
